{
    "model": [{
        "ptpC": "_mb_mls_0_rc_noab-noab",
        "clientUrl": "http://item.meilishuo.com/h5/detail/1m9j5ak?acm=3.mce.2_0_1m9j5ak.6017.56907.xSEtnr82K3zTk.mid_6017-sd_115-lc_201",
        "iid": "1m9j5ak",
        "oldPrice": "￥",
        "showLarge": {
            "img": "http://s11.mogucdn.com/mlcdn/c45406/181007_7h859hf9dci43jhi178h4i284i758_640x960.jpg",
            "w": 560,
            "h": 840
        },
        "link": "http://item.meilishuo.com/h5/detail/1m9j5ak?acm=3.mce.2_0_1m9j5ak.6017.56907.xSEtnr82K3zTk.mid_6017-sd_115-lc_201",
        "show": {
            "img": "http://s11.mogucdn.com/mlcdn/c45406/181007_7h859hf9dci43jhi178h4i284i758_640x960.jpg",
            "w": 320,
            "h": 416
        },
        "acm": "3.mce.2_0_1m9j5ak.6017.56907.xSEtnr82K3zTk.mid_6017-sd_115-lc_201",
        "type": 2,
        "title": "杭州正版超赞推荐2018冬季新款韩版大毛领连帽加厚御寒保暖中长款工装棉衣棉服外套潮女",
        "orgPrice": "￥",
        "props": ["杭州正版超赞推荐2018冬季新款韩版大毛领连帽加厚御寒保暖中长款工装棉衣棉服外套潮女"],
        "lefttop_taglist": [],
        "price": "￥425.72",
        "cfav": 707,
        "leftbottom_taglist": []
    }, {
        "ptpC": "_mb_mls_0_rc_noab-noab",
        "clientUrl": "http://item.meilishuo.com/h5/detail/1m9tl3s?acm=3.mce.2_0_1m9tl3s.6017.56907.xSEtnr82K3zTk.mid_6017-sd_115-lc_201",
        "iid": "1m9tl3s",
        "oldPrice": "￥",
        "showLarge": {
            "img": "http://s11.mogucdn.com/mlcdn/c45406/181013_5b1f0k60e1kei3gj5a915gk6d1f2a_700x1000.jpg",
            "w": 560,
            "h": 800
        },
        "link": "http://item.meilishuo.com/h5/detail/1m9tl3s?acm=3.mce.2_0_1m9tl3s.6017.56907.xSEtnr82K3zTk.mid_6017-sd_115-lc_201",
        "show": {
            "img": "http://s11.mogucdn.com/mlcdn/c45406/181013_5b1f0k60e1kei3gj5a915gk6d1f2a_700x1000.jpg",
            "w": 320,
            "h": 416
        },
        "acm": "3.mce.2_0_1m9tl3s.6017.56907.xSEtnr82K3zTk.mid_6017-sd_115-lc_201",
        "type": 2,
        "title": "冬上新2018新款网红同款棉袄超火ins面包服韩版时尚连帽加厚保暖中长款棉服",
        "orgPrice": "￥",
        "props": ["冬上新2018新款网红同款棉袄超火ins面包服韩版时尚连帽加厚保暖中长款棉服"],
        "lefttop_taglist": [],
        "price": "￥269.00",
        "cfav": 241,
        "leftbottom_taglist": []
    }, {
        "ptpC": "_mb_mls_0_rc_noab-noab",
        "clientUrl": "http://item.meilishuo.com/h5/detail/1lp3kwu?acm=3.mce.2_0_1lp3kwu.6017.56907.xSEtnr82K3zTk.mid_6017-sd_115-lc_201",
        "iid": "1lp3kwu",
        "oldPrice": "￥",
        "showLarge": {
            "img": "http://s3.mogucdn.com/mlcdn/c45406/180103_64llc75649j7fh7i4e51hl9hkg8l9_850x1276.jpg",
            "w": 560,
            "h": 841
        },
        "link": "http://item.meilishuo.com/h5/detail/1lp3kwu?acm=3.mce.2_0_1lp3kwu.6017.56907.xSEtnr82K3zTk.mid_6017-sd_115-lc_201",
        "show": {
            "img": "http://s3.mogucdn.com/mlcdn/c45406/180103_64llc75649j7fh7i4e51hl9hkg8l9_850x1276.jpg",
            "w": 320,
            "h": 416
        },
        "acm": "3.mce.2_0_1lp3kwu.6017.56907.xSEtnr82K3zTk.mid_6017-sd_115-lc_201",
        "type": 2,
        "title": "洋气灰色高腰九分牛仔裤女韩版百搭显瘦学生弹力紧身小脚铅笔裤子",
        "orgPrice": "￥",
        "props": ["洋气灰色高腰九分牛仔裤女韩版百搭显瘦学生弹力紧身小脚铅笔裤子"],
        "lefttop_taglist": [],
        "price": "￥70.00",
        "cfav": 7329,
        "leftbottom_taglist": []
    }, {
        "ptpC": "_mb_mls_0_rc_noab-noab",
        "clientUrl": "http://item.meilishuo.com/h5/detail/1magtzm?acm=3.mce.2_0_1magtzm.6017.56907.xSEtnr82K3zTk.mid_6017-sd_115-lc_201",
        "iid": "1magtzm",
        "oldPrice": "￥",
        "showLarge": {
            "img": "http://s11.mogucdn.com/mlcdn/55cf19/181026_0h230ki80ik53d1d01k2hb4e30e5a_640x960.jpg",
            "w": 560,
            "h": 840
        },
        "link": "http://item.meilishuo.com/h5/detail/1magtzm?acm=3.mce.2_0_1magtzm.6017.56907.xSEtnr82K3zTk.mid_6017-sd_115-lc_201",
        "show": {
            "img": "http://s11.mogucdn.com/mlcdn/55cf19/181026_0h230ki80ik53d1d01k2hb4e30e5a_640x960.jpg",
            "w": 320,
            "h": 416
        },
        "acm": "3.mce.2_0_1magtzm.6017.56907.xSEtnr82K3zTk.mid_6017-sd_115-lc_201",
        "type": 2,
        "title": "秋冬新款韩版ins圆领字母加绒卫衣女慵懒风软妹bf百搭加厚宽松学生休闲套头上衣",
        "orgPrice": "￥",
        "props": ["秋冬新款韩版ins圆领字母加绒卫衣女慵懒风软妹bf百搭加厚宽松学生休闲套头上衣"],
        "lefttop_taglist": [],
        "price": "￥113.00",
        "cfav": 9,
        "leftbottom_taglist": []
    }, {
        "ptpC": "_mb_mls_0_rc_noab-noab",
        "clientUrl": "http://item.meilishuo.com/h5/detail/1m7da6m?acm=3.mce.2_0_1m7da6m.6017.56907.xSEtnr82K3zTk.mid_6017-sd_115-lc_201",
        "iid": "1m7da6m",
        "oldPrice": "￥",
        "showLarge": {
            "img": "http://s11.mogucdn.com/mlcdn/c45406/180817_38ibc62jke24d2h2dkb432dcllj2d_640x960.jpg",
            "w": 560,
            "h": 840
        },
        "link": "http://item.meilishuo.com/h5/detail/1m7da6m?acm=3.mce.2_0_1m7da6m.6017.56907.xSEtnr82K3zTk.mid_6017-sd_115-lc_201",
        "show": {
            "img": "http://s11.mogucdn.com/mlcdn/c45406/180817_38ibc62jke24d2h2dkb432dcllj2d_640x960.jpg",
            "w": 320,
            "h": 416
        },
        "acm": "3.mce.2_0_1m7da6m.6017.56907.xSEtnr82K3zTk.mid_6017-sd_115-lc_201",
        "type": 2,
        "title": "千鸟格毛呢外套女新款秋冬季中长款韩版学生过膝森系时尚大衣高领毛衣百折半身裙三件套套装",
        "orgPrice": "￥",
        "props": ["千鸟格毛呢外套女新款秋冬季中长款韩版学生过膝森系时尚大衣高领毛衣百折半身裙三件套套装"],
        "lefttop_taglist": [],
        "price": "￥84.29",
        "cfav": 25686,
        "leftbottom_taglist": []
    }, {
        "ptpC": "_mb_mls_0_rc_noab-noab",
        "clientUrl": "http://item.meilishuo.com/h5/detail/18kaeyw?acm=3.mce.2_0_18kaeyw.6017.56907.xSEtnr82K3zTk.mid_6017-sd_115-lc_201",
        "iid": "18kaeyw",
        "oldPrice": "￥",
        "showLarge": {
            "img": "http://s3.mogucdn.com/mlcdn/c45406/180331_8ac0e8e6f26l1d2dkce1f4j0052d3_640x960.jpg",
            "w": 560,
            "h": 840
        },
        "link": "http://item.meilishuo.com/h5/detail/18kaeyw?acm=3.mce.2_0_18kaeyw.6017.56907.xSEtnr82K3zTk.mid_6017-sd_115-lc_201",
        "show": {
            "img": "http://s3.mogucdn.com/mlcdn/c45406/180331_8ac0e8e6f26l1d2dkce1f4j0052d3_640x960.jpg",
            "w": 320,
            "h": 416
        },
        "acm": "3.mce.2_0_18kaeyw.6017.56907.xSEtnr82K3zTk.mid_6017-sd_115-lc_201",
        "type": 2,
        "title": "买20片送5片包邮加厚泡沫绒面拼接拼图地垫爬行垫客厅茶几沙发飘窗卧室床边满铺榻榻米防滑地毯",
        "orgPrice": "￥",
        "props": ["买20片送5片包邮加厚泡沫绒面拼接拼图地垫爬行垫客厅茶几沙发飘窗卧室床边满铺榻榻米防滑地毯"],
        "lefttop_taglist": [],
        "price": "￥57.00",
        "cfav": 3592,
        "leftbottom_taglist": []
    }, {
        "ptpC": "_mb_mls_0_rc_noab-noab",
        "clientUrl": "http://item.meilishuo.com/h5/detail/1klj4z8?acm=3.mce.2_0_1klj4z8.6017.56907.xSEtnr82K3zTk.mid_6017-sd_115-lc_201",
        "iid": "1klj4z8",
        "oldPrice": "￥",
        "showLarge": {
            "img": "http://s11.mogucdn.com/mlcdn/c45406/181006_46kaj9fhbefad2aje3d6108694hhd_640x891.jpg",
            "w": 560,
            "h": 780
        },
        "link": "http://item.meilishuo.com/h5/detail/1klj4z8?acm=3.mce.2_0_1klj4z8.6017.56907.xSEtnr82K3zTk.mid_6017-sd_115-lc_201",
        "show": {
            "img": "http://s11.mogucdn.com/mlcdn/c45406/181006_46kaj9fhbefad2aje3d6108694hhd_640x891.jpg",
            "w": 320,
            "h": 416
        },
        "acm": "3.mce.2_0_1klj4z8.6017.56907.xSEtnr82K3zTk.mid_6017-sd_115-lc_201",
        "type": 2,
        "title": "2018港风男士卫衣冬款加绒加厚卫衣上衣新品韩版套头3D字母卫衣男经典印花男士卫衣情侣卫衣",
        "orgPrice": "￥",
        "props": ["2018港风男士卫衣冬款加绒加厚卫衣上衣新品韩版套头3D字母卫衣男经典印花男士卫衣情侣卫衣"],
        "lefttop_taglist": [],
        "price": "￥120.00",
        "cfav": 7931,
        "leftbottom_taglist": []
    }, {
        "ptpC": "_mb_mls_0_rc_noab-noab",
        "clientUrl": "http://item.meilishuo.com/h5/detail/1maby5o?acm=3.mce.2_0_1maby5o.6017.56907.xSEtnr82K3zTk.mid_6017-sd_115-lc_201",
        "iid": "1maby5o",
        "oldPrice": "￥",
        "showLarge": {
            "img": "http://s3.mogucdn.com/mlcdn/c45406/181024_38lg3ad0gg0bfja2hd8liablbh187_640x960.jpg",
            "w": 560,
            "h": 840
        },
        "link": "http://item.meilishuo.com/h5/detail/1maby5o?acm=3.mce.2_0_1maby5o.6017.56907.xSEtnr82K3zTk.mid_6017-sd_115-lc_201",
        "show": {
            "img": "http://s3.mogucdn.com/mlcdn/c45406/181024_38lg3ad0gg0bfja2hd8liablbh187_640x960.jpg",
            "w": 320,
            "h": 416
        },
        "acm": "3.mce.2_0_1maby5o.6017.56907.xSEtnr82K3zTk.mid_6017-sd_115-lc_201",
        "type": 2,
        "title": "网红同款短款羽绒棉马甲女秋冬2018新款韩版宽松原宿bf面包服马夹背心外套",
        "orgPrice": "￥",
        "props": ["网红同款短款羽绒棉马甲女秋冬2018新款韩版宽松原宿bf面包服马夹背心外套"],
        "lefttop_taglist": [],
        "price": "￥209.00",
        "cfav": 13,
        "leftbottom_taglist": []
    }, {
        "ptpC": "_mb_mls_0_rc_noab-noab",
        "clientUrl": "http://item.meilishuo.com/h5/detail/1m18dwo?acm=3.mce.2_0_1m18dwo.6017.56907.xSEtnr82K3zTk.mid_6017-sd_115-lc_201",
        "iid": "1m18dwo",
        "oldPrice": "￥",
        "showLarge": {
            "img": "http://s3.mogucdn.com/mlcdn/c45406/180519_420ala83ai1d7jhj9b72k55el5l49_800x800.jpg",
            "w": 560,
            "h": 560
        },
        "link": "http://item.meilishuo.com/h5/detail/1m18dwo?acm=3.mce.2_0_1m18dwo.6017.56907.xSEtnr82K3zTk.mid_6017-sd_115-lc_201",
        "show": {
            "img": "http://s3.mogucdn.com/mlcdn/c45406/180519_420ala83ai1d7jhj9b72k55el5l49_800x800.jpg",
            "w": 320,
            "h": 416
        },
        "acm": "3.mce.2_0_1m18dwo.6017.56907.xSEtnr82K3zTk.mid_6017-sd_115-lc_201",
        "type": 2,
        "title": "简易衣柜组装塑料衣橱卧室储物柜仿实木推拉门简约现代经济型衣柜小孩衣柜收纳婴儿宝宝衣橱组装柜",
        "orgPrice": "￥",
        "props": ["简易衣柜组装塑料衣橱卧室储物柜仿实木推拉门简约现代经济型衣柜小孩衣柜收纳婴儿宝宝衣橱组装柜"],
        "lefttop_taglist": [],
        "price": "￥80.00",
        "cfav": 959,
        "leftbottom_taglist": []
    }, {
        "ptpC": "_mb_mls_0_rc_noab-noab",
        "clientUrl": "http://item.meilishuo.com/h5/detail/1m72ua8?acm=3.mce.2_0_1m72ua8.6017.56907.xSEtnr82K3zTk.mid_6017-sd_115-lc_201",
        "iid": "1m72ua8",
        "oldPrice": "￥",
        "showLarge": {
            "img": "http://s3.mogucdn.com/mlcdn/c45406/180809_73hbd7kc5i798gijc41h9de18d5hi_640x960.jpg",
            "w": 560,
            "h": 840
        },
        "link": "http://item.meilishuo.com/h5/detail/1m72ua8?acm=3.mce.2_0_1m72ua8.6017.56907.xSEtnr82K3zTk.mid_6017-sd_115-lc_201",
        "show": {
            "img": "http://s3.mogucdn.com/mlcdn/c45406/180809_73hbd7kc5i798gijc41h9de18d5hi_640x960.jpg",
            "w": 320,
            "h": 416
        },
        "acm": "3.mce.2_0_1m72ua8.6017.56907.xSEtnr82K3zTk.mid_6017-sd_115-lc_201",
        "type": 2,
        "title": "2018冬装上衣韩版连帽男士棉衣棉袄中长款情侣棉衣男外套棉服男面包服",
        "orgPrice": "￥",
        "props": ["2018冬装上衣韩版连帽男士棉衣棉袄中长款情侣棉衣男外套棉服男面包服"],
        "lefttop_taglist": [],
        "price": "￥265.00",
        "cfav": 243,
        "leftbottom_taglist": []
    }, {
        "ptpC": "_mb_mls_0_rc_noab-noab",
        "clientUrl": "http://item.meilishuo.com/h5/detail/1ma0evi?acm=3.mce.2_0_1ma0evi.6017.56907.xSEtnr82K3zTk.mid_6017-sd_115-lc_201",
        "iid": "1ma0evi",
        "oldPrice": "￥",
        "showLarge": {
            "img": "http://s3.mogucdn.com/mlcdn/c45406/181017_2hfjl224ehf92584gig0fa4cld46b_700x1000.jpg",
            "w": 560,
            "h": 800
        },
        "link": "http://item.meilishuo.com/h5/detail/1ma0evi?acm=3.mce.2_0_1ma0evi.6017.56907.xSEtnr82K3zTk.mid_6017-sd_115-lc_201",
        "show": {
            "img": "http://s3.mogucdn.com/mlcdn/c45406/181017_2hfjl224ehf92584gig0fa4cld46b_700x1000.jpg",
            "w": 320,
            "h": 416
        },
        "acm": "3.mce.2_0_1ma0evi.6017.56907.xSEtnr82K3zTk.mid_6017-sd_115-lc_201",
        "type": 2,
        "title": "网红同款冬上新加绒加厚pphome卫衣2018新款韩版宽松长袖连帽中长款卫衣",
        "orgPrice": "￥",
        "props": ["网红同款冬上新加绒加厚pphome卫衣2018新款韩版宽松长袖连帽中长款卫衣"],
        "lefttop_taglist": [],
        "price": "￥144.00",
        "cfav": 76,
        "leftbottom_taglist": []
    }, {
        "ptpC": "_mb_mls_0_rc_noab-noab",
        "clientUrl": "http://item.meilishuo.com/h5/detail/1ma5gv2?acm=3.mce.2_0_1ma5gv2.6017.56907.xSEtnr82K3zTk.mid_6017-sd_115-lc_201",
        "iid": "1ma5gv2",
        "oldPrice": "￥",
        "showLarge": {
            "img": "http://s3.mogucdn.com/mlcdn/c45406/181020_0b6ie0420a8h6llbflhccfif3li9e_640x960.jpg",
            "w": 560,
            "h": 840
        },
        "link": "http://item.meilishuo.com/h5/detail/1ma5gv2?acm=3.mce.2_0_1ma5gv2.6017.56907.xSEtnr82K3zTk.mid_6017-sd_115-lc_201",
        "show": {
            "img": "http://s3.mogucdn.com/mlcdn/c45406/181020_0b6ie0420a8h6llbflhccfif3li9e_640x960.jpg",
            "w": 320,
            "h": 416
        },
        "acm": "3.mce.2_0_1ma5gv2.6017.56907.xSEtnr82K3zTk.mid_6017-sd_115-lc_201",
        "type": 2,
        "title": "2018韩版新款宽松显瘦百搭气质小个子仿貂绒毛茸茸上衣短款外套女",
        "orgPrice": "￥",
        "props": ["2018韩版新款宽松显瘦百搭气质小个子仿貂绒毛茸茸上衣短款外套女"],
        "lefttop_taglist": [],
        "price": "￥127.15",
        "cfav": 456,
        "leftbottom_taglist": []
    }, {
        "ptpC": "_mb_mls_0_rc_noab-noab",
        "clientUrl": "http://item.meilishuo.com/h5/detail/1m90360?acm=3.mce.2_0_1m90360.6017.56907.xSEtnr82K3zTk.mid_6017-sd_115-lc_201",
        "iid": "1m90360",
        "oldPrice": "￥",
        "showLarge": {
            "img": "http://s11.mogucdn.com/mlcdn/c45406/180925_3jg40iag3c78d1g5g6k438blh2ebc_640x960.jpg",
            "w": 560,
            "h": 840
        },
        "link": "http://item.meilishuo.com/h5/detail/1m90360?acm=3.mce.2_0_1m90360.6017.56907.xSEtnr82K3zTk.mid_6017-sd_115-lc_201",
        "show": {
            "img": "http://s11.mogucdn.com/mlcdn/c45406/180925_3jg40iag3c78d1g5g6k438blh2ebc_640x960.jpg",
            "w": 320,
            "h": 416
        },
        "acm": "3.mce.2_0_1m90360.6017.56907.xSEtnr82K3zTk.mid_6017-sd_115-lc_201",
        "type": 2,
        "title": "【加绒加厚还瘦腿】黑色打底裤女外穿显瘦弹力高腰紧身裤小脚铅笔裤胖妹妹大码女装秋季冬季裤子",
        "orgPrice": "￥",
        "props": ["【加绒加厚还瘦腿】黑色打底裤女外穿显瘦弹力高腰紧身裤小脚铅笔裤胖妹妹大码女装秋季冬季裤子"],
        "lefttop_taglist": [],
        "price": "￥57.00",
        "cfav": 3192,
        "leftbottom_taglist": []
    }, {
        "ptpC": "_mb_mls_0_rc_noab-noab",
        "clientUrl": "http://item.meilishuo.com/h5/detail/1m8bluy?acm=3.mce.2_0_1m8bluy.6017.56907.xSEtnr82K3zTk.mid_6017-sd_115-lc_201",
        "iid": "1m8bluy",
        "oldPrice": "￥",
        "showLarge": {
            "img": "http://s11.mogucdn.com/mlcdn/c45406/180908_3aj9l06kl1ga0ia7jl1kf1bhdbcd3_640x854.jpg",
            "w": 560,
            "h": 748
        },
        "link": "http://item.meilishuo.com/h5/detail/1m8bluy?acm=3.mce.2_0_1m8bluy.6017.56907.xSEtnr82K3zTk.mid_6017-sd_115-lc_201",
        "show": {
            "img": "http://s11.mogucdn.com/mlcdn/c45406/180908_3aj9l06kl1ga0ia7jl1kf1bhdbcd3_640x854.jpg",
            "w": 320,
            "h": 416
        },
        "acm": "3.mce.2_0_1m8bluy.6017.56907.xSEtnr82K3zTk.mid_6017-sd_115-lc_201",
        "type": 2,
        "title": "裙子秋冬季套装时尚三件套2018新款韩版甜美原宿长袖短款呢子大衣外套打底针织衫高腰半身裙",
        "orgPrice": "￥",
        "props": ["裙子秋冬季套装时尚三件套2018新款韩版甜美原宿长袖短款呢子大衣外套打底针织衫高腰半身裙"],
        "lefttop_taglist": [],
        "price": "￥84.29",
        "cfav": 5901,
        "leftbottom_taglist": []
    }, {
        "ptpC": "_mb_mls_0_rc_noab-noab",
        "clientUrl": "http://item.meilishuo.com/h5/detail/1m9fchq?acm=3.mce.2_0_1m9fchq.6017.56907.xSEtnr82K3zTk.mid_6017-sd_115-lc_201",
        "iid": "1m9fchq",
        "oldPrice": "￥",
        "showLarge": {
            "img": "http://s11.mogucdn.com/mlcdn/c45406/181005_3ii7ce98088b1706528jb946d1e84_640x960.jpg",
            "w": 560,
            "h": 840
        },
        "link": "http://item.meilishuo.com/h5/detail/1m9fchq?acm=3.mce.2_0_1m9fchq.6017.56907.xSEtnr82K3zTk.mid_6017-sd_115-lc_201",
        "show": {
            "img": "http://s11.mogucdn.com/mlcdn/c45406/181005_3ii7ce98088b1706528jb946d1e84_640x960.jpg",
            "w": 320,
            "h": 416
        },
        "acm": "3.mce.2_0_1m9fchq.6017.56907.xSEtnr82K3zTk.mid_6017-sd_115-lc_201",
        "type": 2,
        "title": "敲可爱甜美刺绣卫衣2018秋冬新款韩版宽松休闲连帽加厚保暖百搭套头卫衣潮女",
        "orgPrice": "￥",
        "props": ["敲可爱甜美刺绣卫衣2018秋冬新款韩版宽松休闲连帽加厚保暖百搭套头卫衣潮女"],
        "lefttop_taglist": [],
        "price": "￥127.15",
        "cfav": 456,
        "leftbottom_taglist": []
    }, {
        "ptpC": "_mb_mls_0_rc_noab-noab",
        "clientUrl": "http://item.meilishuo.com/h5/detail/1magbty?acm=3.mce.2_0_1magbty.6017.56907.xSEtnr82K3zTk.mid_6017-sd_115-lc_201",
        "iid": "1magbty",
        "oldPrice": "￥",
        "showLarge": {
            "img": "http://s11.mogucdn.com/mlcdn/55cf19/181026_26a2j7d9l6l04lg3gg54715lf8eef_750x750.jpg",
            "w": 560,
            "h": 560
        },
        "link": "http://item.meilishuo.com/h5/detail/1magbty?acm=3.mce.2_0_1magbty.6017.56907.xSEtnr82K3zTk.mid_6017-sd_115-lc_201",
        "show": {
            "img": "http://s11.mogucdn.com/mlcdn/55cf19/181026_26a2j7d9l6l04lg3gg54715lf8eef_750x750.jpg",
            "w": 320,
            "h": 416
        },
        "acm": "3.mce.2_0_1magbty.6017.56907.xSEtnr82K3zTk.mid_6017-sd_115-lc_201",
        "type": 2,
        "title": "清仓秒杀款！真皮款！每个ID限购1个谢绝还价牛皮双肩包铆钉大包多隔层大容量直播间",
        "orgPrice": "￥",
        "props": ["清仓秒杀款！真皮款！每个ID限购1个谢绝还价牛皮双肩包铆钉大包多隔层大容量直播间"],
        "lefttop_taglist": [],
        "price": "￥299.00",
        "cfav": 6,
        "leftbottom_taglist": []
    }, {
        "ptpC": "_mb_mls_0_rc_noab-noab",
        "clientUrl": "http://item.meilishuo.com/h5/detail/1m9956k?acm=3.mce.2_0_1m9956k.6017.56907.xSEtnr82K3zTk.mid_6017-sd_115-lc_201",
        "iid": "1m9956k",
        "oldPrice": "￥",
        "showLarge": {
            "img": "http://s11.mogucdn.com/mlcdn/c45406/180930_799adl8ek139f9cjdbed3cl11bbii_640x960.jpg",
            "w": 560,
            "h": 840
        },
        "link": "http://item.meilishuo.com/h5/detail/1m9956k?acm=3.mce.2_0_1m9956k.6017.56907.xSEtnr82K3zTk.mid_6017-sd_115-lc_201",
        "show": {
            "img": "http://s11.mogucdn.com/mlcdn/c45406/180930_799adl8ek139f9cjdbed3cl11bbii_640x960.jpg",
            "w": 320,
            "h": 416
        },
        "acm": "3.mce.2_0_1m9956k.6017.56907.xSEtnr82K3zTk.mid_6017-sd_115-lc_201",
        "type": 2,
        "title": "ins马丁靴子女2018春秋季新款网红女鞋韩版百搭小短靴短筒袜靴冬",
        "orgPrice": "￥",
        "props": ["ins马丁靴子女2018春秋季新款网红女鞋韩版百搭小短靴短筒袜靴冬"],
        "lefttop_taglist": [],
        "price": "￥226.00",
        "cfav": 4273,
        "leftbottom_taglist": []
    }, {
        "ptpC": "_mb_mls_0_rc_noab-noab",
        "clientUrl": "http://item.meilishuo.com/h5/detail/1ketqpq?acm=3.mce.2_0_1ketqpq.6017.56907.xSEtnr82K3zTk.mid_6017-sd_115-lc_201",
        "iid": "1ketqpq",
        "oldPrice": "￥",
        "showLarge": {
            "img": "http://s11.mogucdn.com/mlcdn/c45406/170702_69jh7kcl5jg2eih8c1g71ag2b8lj0_1000x1500.jpg",
            "w": 560,
            "h": 841
        },
        "link": "http://item.meilishuo.com/h5/detail/1ketqpq?acm=3.mce.2_0_1ketqpq.6017.56907.xSEtnr82K3zTk.mid_6017-sd_115-lc_201",
        "show": {
            "img": "http://s11.mogucdn.com/mlcdn/c45406/170702_69jh7kcl5jg2eih8c1g71ag2b8lj0_1000x1500.jpg",
            "w": 320,
            "h": 416
        },
        "acm": "3.mce.2_0_1ketqpq.6017.56907.xSEtnr82K3zTk.mid_6017-sd_115-lc_201",
        "type": 2,
        "title": "超大号LINE布朗熊公仔可妮兔毛绒玩具抱枕生日礼物抱抱熊女生",
        "orgPrice": "￥",
        "props": ["超大号LINE布朗熊公仔可妮兔毛绒玩具抱枕生日礼物抱抱熊女生"],
        "lefttop_taglist": [],
        "price": "￥22.00",
        "cfav": 10658,
        "leftbottom_taglist": []
    }, {
        "ptpC": "_mb_mls_0_rc_noab-noab",
        "clientUrl": "http://item.meilishuo.com/h5/detail/1khq8ju?acm=3.mce.2_0_1khq8ju.6017.56907.xSEtnr82K3zTk.mid_6017-sd_115-lc_201",
        "iid": "1khq8ju",
        "oldPrice": "￥",
        "showLarge": {
            "img": "http://s3.mogucdn.com/mlcdn/c45406/170915_1c0fkkie75c349e886kg977e89dfj_640x960.jpg",
            "w": 560,
            "h": 840
        },
        "link": "http://item.meilishuo.com/h5/detail/1khq8ju?acm=3.mce.2_0_1khq8ju.6017.56907.xSEtnr82K3zTk.mid_6017-sd_115-lc_201",
        "show": {
            "img": "http://s3.mogucdn.com/mlcdn/c45406/170915_1c0fkkie75c349e886kg977e89dfj_640x960.jpg",
            "w": 320,
            "h": 416
        },
        "acm": "3.mce.2_0_1khq8ju.6017.56907.xSEtnr82K3zTk.mid_6017-sd_115-lc_201",
        "type": 2,
        "title": "牛仔裤女韩版秋冬新款高腰修身显瘦紧身大码百搭弹力小脚女裤子",
        "orgPrice": "￥",
        "props": ["牛仔裤女韩版秋冬新款高腰修身显瘦紧身大码百搭弹力小脚女裤子"],
        "lefttop_taglist": [],
        "price": "￥71.00",
        "cfav": 32627,
        "leftbottom_taglist": []
    }, {
        "ptpC": "_mb_mls_0_rc_noab-noab",
        "clientUrl": "http://item.meilishuo.com/h5/detail/1m9fk5e?acm=3.mce.2_0_1m9fk5e.6017.56907.xSEtnr82K3zTk.mid_6017-sd_115-lc_201",
        "iid": "1m9fk5e",
        "oldPrice": "￥",
        "showLarge": {
            "img": "http://s11.mogucdn.com/mlcdn/c45406/181008_87ad73eaefld1h42cc3d0i2328e03_640x960.jpg",
            "w": 560,
            "h": 840
        },
        "link": "http://item.meilishuo.com/h5/detail/1m9fk5e?acm=3.mce.2_0_1m9fk5e.6017.56907.xSEtnr82K3zTk.mid_6017-sd_115-lc_201",
        "show": {
            "img": "http://s11.mogucdn.com/mlcdn/c45406/181008_87ad73eaefld1h42cc3d0i2328e03_640x960.jpg",
            "w": 320,
            "h": 416
        },
        "acm": "3.mce.2_0_1m9fk5e.6017.56907.xSEtnr82K3zTk.mid_6017-sd_115-lc_201",
        "type": 2,
        "title": "欧洲站18~19款新品外套-秋冬装女潮中长款大衣条纹毛呢韩版甜美名媛时尚气质正品-高端定制",
        "orgPrice": "￥",
        "props": ["欧洲站18~19款新品外套-秋冬装女潮中长款大衣条纹毛呢韩版甜美名媛时尚气质正品-高端定制"],
        "lefttop_taglist": [],
        "price": "￥1225.00",
        "cfav": 39,
        "leftbottom_taglist": []
    }, {
        "ptpC": "_mb_mls_0_rc_noab-noab",
        "clientUrl": "http://item.meilishuo.com/h5/detail/18hf1qg?acm=3.mce.2_0_18hf1qg.6017.56907.xSEtnr82K3zTk.mid_6017-sd_115-lc_201",
        "iid": "18hf1qg",
        "oldPrice": "￥",
        "showLarge": {
            "img": "http://s11.mogucdn.com/p1/160131/11ieey_ifqtamtemqytmzbwgyzdambqgyyde_640x960.jpg",
            "w": 560,
            "h": 840
        },
        "link": "http://item.meilishuo.com/h5/detail/18hf1qg?acm=3.mce.2_0_18hf1qg.6017.56907.xSEtnr82K3zTk.mid_6017-sd_115-lc_201",
        "show": {
            "img": "http://s11.mogucdn.com/p1/160131/11ieey_ifqtamtemqytmzbwgyzdambqgyyde_640x960.jpg",
            "w": 320,
            "h": 416
        },
        "acm": "3.mce.2_0_18hf1qg.6017.56907.xSEtnr82K3zTk.mid_6017-sd_115-lc_201",
        "type": 2,
        "title": "秋冬季新款韩版弹力显瘦高腰外穿打底裤女黑色紧身裤子加绒加厚保暖百搭九分裤",
        "orgPrice": "￥",
        "props": ["秋冬季新款韩版弹力显瘦高腰外穿打底裤女黑色紧身裤子加绒加厚保暖百搭九分裤"],
        "lefttop_taglist": [],
        "price": "￥42.72",
        "cfav": 142538,
        "leftbottom_taglist": []
    }, {
        "ptpC": "_mb_mls_0_rc_noab-noab",
        "clientUrl": "http://item.meilishuo.com/h5/detail/1kmd1pc?acm=3.mce.2_0_1kmd1pc.6017.56907.xSEtnr82K3zTk.mid_6017-sd_115-lc_201",
        "iid": "1kmd1pc",
        "oldPrice": "￥",
        "showLarge": {
            "img": "http://s3.mogucdn.com/mlcdn/c45406/171006_4d2iij0959ajeg13k6hld6l0e59eg_640x960.jpg",
            "w": 560,
            "h": 840
        },
        "link": "http://item.meilishuo.com/h5/detail/1kmd1pc?acm=3.mce.2_0_1kmd1pc.6017.56907.xSEtnr82K3zTk.mid_6017-sd_115-lc_201",
        "show": {
            "img": "http://s3.mogucdn.com/mlcdn/c45406/171006_4d2iij0959ajeg13k6hld6l0e59eg_640x960.jpg",
            "w": 320,
            "h": 416
        },
        "acm": "3.mce.2_0_1kmd1pc.6017.56907.xSEtnr82K3zTk.mid_6017-sd_115-lc_201",
        "type": 2,
        "title": "秋冬季加绒牛仔裤女韩版显瘦2018新款高腰大码黑色小脚裤子女学生",
        "orgPrice": "￥",
        "props": ["秋冬季加绒牛仔裤女韩版显瘦2018新款高腰大码黑色小脚裤子女学生"],
        "lefttop_taglist": [],
        "price": "￥78.58",
        "cfav": 23532,
        "leftbottom_taglist": []
    }, {
        "ptpC": "_mb_mls_0_rc_noab-noab",
        "clientUrl": "http://item.meilishuo.com/h5/detail/1m9hike?acm=3.mce.2_0_1m9hike.6017.56907.xSEtnr82K3zTk.mid_6017-sd_115-lc_201",
        "iid": "1m9hike",
        "oldPrice": "￥",
        "showLarge": {
            "img": "http://s11.mogucdn.com/mlcdn/c45406/181006_5iha9530ec46c9k49821h1b3cafj5_640x960.jpg",
            "w": 560,
            "h": 840
        },
        "link": "http://item.meilishuo.com/h5/detail/1m9hike?acm=3.mce.2_0_1m9hike.6017.56907.xSEtnr82K3zTk.mid_6017-sd_115-lc_201",
        "show": {
            "img": "http://s11.mogucdn.com/mlcdn/c45406/181006_5iha9530ec46c9k49821h1b3cafj5_640x960.jpg",
            "w": 320,
            "h": 416
        },
        "acm": "3.mce.2_0_1m9hike.6017.56907.xSEtnr82K3zTk.mid_6017-sd_115-lc_201",
        "type": 2,
        "title": "加绒加厚衬衫女2018冬季新款韩版甜美系带蝴蝶结翻领长袖百搭显瘦衬衣潮女",
        "orgPrice": "￥",
        "props": ["加绒加厚衬衫女2018冬季新款韩版甜美系带蝴蝶结翻领长袖百搭显瘦衬衣潮女"],
        "lefttop_taglist": [],
        "price": "￥125.72",
        "cfav": 84,
        "leftbottom_taglist": []
    }, {
        "ptpC": "_mb_mls_0_rc_noab-noab",
        "clientUrl": "http://item.meilishuo.com/h5/detail/1mack20?acm=3.mce.2_0_1mack20.6017.56907.xSEtnr82K3zTk.mid_6017-sd_115-lc_201",
        "iid": "1mack20",
        "oldPrice": "￥",
        "showLarge": {
            "img": "http://s3.mogucdn.com/mlcdn/55cf19/181024_4djd82j5abf42a9i6gaafc6l8g3f4_640x960.jpg",
            "w": 560,
            "h": 840
        },
        "link": "http://item.meilishuo.com/h5/detail/1mack20?acm=3.mce.2_0_1mack20.6017.56907.xSEtnr82K3zTk.mid_6017-sd_115-lc_201",
        "show": {
            "img": "http://s3.mogucdn.com/mlcdn/55cf19/181024_4djd82j5abf42a9i6gaafc6l8g3f4_640x960.jpg",
            "w": 320,
            "h": 416
        },
        "acm": "3.mce.2_0_1mack20.6017.56907.xSEtnr82K3zTk.mid_6017-sd_115-lc_201",
        "type": 2,
        "title": "加厚高领毛衣女套头秋冬季2018新款宽松韩版网红慵懒风针织衫超火毛衣",
        "orgPrice": "￥",
        "props": ["加厚高领毛衣女套头秋冬季2018新款宽松韩版网红慵懒风针织衫超火毛衣"],
        "lefttop_taglist": [],
        "price": "￥111.43",
        "cfav": 5,
        "leftbottom_taglist": []
    }, {
        "ptpC": "_mb_mls_0_rc_noab-noab",
        "clientUrl": "http://item.meilishuo.com/h5/detail/1m8np26?acm=3.mce.2_0_1m8np26.6017.56907.xSEtnr82K3zTk.mid_6017-sd_115-lc_201",
        "iid": "1m8np26",
        "oldPrice": "￥",
        "showLarge": {
            "img": "http://s3.mogucdn.com/mlcdn/c45406/180917_4c514gg167dbkl0gdc4lagaf076hd_750x1000.jpg",
            "w": 560,
            "h": 747
        },
        "link": "http://item.meilishuo.com/h5/detail/1m8np26?acm=3.mce.2_0_1m8np26.6017.56907.xSEtnr82K3zTk.mid_6017-sd_115-lc_201",
        "show": {
            "img": "http://s3.mogucdn.com/mlcdn/c45406/180917_4c514gg167dbkl0gdc4lagaf076hd_750x1000.jpg",
            "w": 320,
            "h": 416
        },
        "acm": "3.mce.2_0_1m8np26.6017.56907.xSEtnr82K3zTk.mid_6017-sd_115-lc_201",
        "type": 2,
        "title": "韩版新款孕妇装秋装时尚套装时尚款孕妇套装秋冬装针织连衣裙孕妇两件套潮妈",
        "orgPrice": "￥",
        "props": ["韩版新款孕妇装秋装时尚套装时尚款孕妇套装秋冬装针织连衣裙孕妇两件套潮妈"],
        "lefttop_taglist": [],
        "price": "￥141.43",
        "cfav": 698,
        "leftbottom_taglist": []
    }, {
        "ptpC": "_mb_mls_0_rc_noab-noab",
        "clientUrl": "http://item.meilishuo.com/h5/detail/1m8rvl2?acm=3.mce.2_0_1m8rvl2.6017.56907.xSEtnr82K3zTk.mid_6017-sd_115-lc_201",
        "iid": "1m8rvl2",
        "oldPrice": "￥",
        "showLarge": {
            "img": "http://s11.mogucdn.com/mlcdn/c45406/180919_5124fbbif84f5j4jde1h0ga872l1h_640x960.jpg",
            "w": 560,
            "h": 840
        },
        "link": "http://item.meilishuo.com/h5/detail/1m8rvl2?acm=3.mce.2_0_1m8rvl2.6017.56907.xSEtnr82K3zTk.mid_6017-sd_115-lc_201",
        "show": {
            "img": "http://s11.mogucdn.com/mlcdn/c45406/180919_5124fbbif84f5j4jde1h0ga872l1h_640x960.jpg",
            "w": 320,
            "h": 416
        },
        "acm": "3.mce.2_0_1m8rvl2.6017.56907.xSEtnr82K3zTk.mid_6017-sd_115-lc_201",
        "type": 2,
        "title": "莫小仙2盒重庆麻辣自热火锅 网红即食懒人小火锅自煮方便速食品",
        "orgPrice": "￥",
        "props": ["莫小仙2盒重庆麻辣自热火锅 网红即食懒人小火锅自煮方便速食品"],
        "lefttop_taglist": [],
        "price": "￥35.60",
        "cfav": 826,
        "leftbottom_taglist": []
    }, {
        "ptpC": "_mb_mls_0_rc_noab-noab",
        "clientUrl": "http://item.meilishuo.com/h5/detail/1m8u99i?acm=3.mce.2_0_1m8u99i.6017.56907.xSEtnr82K3zTk.mid_6017-sd_115-lc_201",
        "iid": "1m8u99i",
        "oldPrice": "￥",
        "showLarge": {
            "img": "http://s11.mogucdn.com/mlcdn/c45406/181009_39g7aed52k024bhedklh640g1204b_640x960.jpg",
            "w": 560,
            "h": 840
        },
        "link": "http://item.meilishuo.com/h5/detail/1m8u99i?acm=3.mce.2_0_1m8u99i.6017.56907.xSEtnr82K3zTk.mid_6017-sd_115-lc_201",
        "show": {
            "img": "http://s11.mogucdn.com/mlcdn/c45406/181009_39g7aed52k024bhedklh640g1204b_640x960.jpg",
            "w": 320,
            "h": 416
        },
        "acm": "3.mce.2_0_1m8u99i.6017.56907.xSEtnr82K3zTk.mid_6017-sd_115-lc_201",
        "type": 2,
        "title": "【送礼盒+润唇膏】MAC口红CHILI小辣椒牛血红色姨妈色草莓红人鱼姬色魅可子弹头唇膏",
        "orgPrice": "￥",
        "props": ["【送礼盒+润唇膏】MAC口红CHILI小辣椒牛血红色姨妈色草莓红人鱼姬色魅可子弹头唇膏"],
        "lefttop_taglist": [],
        "price": "￥198.00",
        "cfav": 1101,
        "leftbottom_taglist": []
    }, {
        "ptpC": "_mb_mls_0_rc_noab-noab",
        "clientUrl": "http://item.meilishuo.com/h5/detail/1lua3yy?acm=3.mce.2_0_1lua3yy.6017.56907.xSEtnr82K3zTk.mid_6017-sd_115-lc_201",
        "iid": "1lua3yy",
        "oldPrice": "￥",
        "showLarge": {
            "img": "http://s11.mogucdn.com/mlcdn/c45406/180322_0ib0040hcbk02gag1ig7af5jcldf2_800x800.jpg",
            "w": 560,
            "h": 560
        },
        "link": "http://item.meilishuo.com/h5/detail/1lua3yy?acm=3.mce.2_0_1lua3yy.6017.56907.xSEtnr82K3zTk.mid_6017-sd_115-lc_201",
        "show": {
            "img": "http://s11.mogucdn.com/mlcdn/c45406/180322_0ib0040hcbk02gag1ig7af5jcldf2_800x800.jpg",
            "w": 320,
            "h": 416
        },
        "acm": "3.mce.2_0_1lua3yy.6017.56907.xSEtnr82K3zTk.mid_6017-sd_115-lc_201",
        "type": 2,
        "title": "《工厂品牌直销》呗诺竹浆本色抽纸28包整箱纸巾面巾纸餐巾纸家庭装婴儿卫生纸批发",
        "orgPrice": "￥",
        "props": ["《工厂品牌直销》呗诺竹浆本色抽纸28包整箱纸巾面巾纸餐巾纸家庭装婴儿卫生纸批发"],
        "lefttop_taglist": [],
        "price": "￥52.58",
        "cfav": 2045,
        "leftbottom_taglist": []
    }, {
        "ptpC": "_mb_mls_0_rc_noab-noab",
        "clientUrl": "http://item.meilishuo.com/h5/detail/1kmawxe?acm=3.mce.2_0_1kmawxe.6017.56907.xSEtnr82K3zTk.mid_6017-sd_115-lc_201",
        "iid": "1kmawxe",
        "oldPrice": "￥",
        "showLarge": {
            "img": "http://s3.mogucdn.com/mlcdn/c45406/171001_8591lh0k7b51ce30hfe5j311dh955_640x960.jpg",
            "w": 560,
            "h": 840
        },
        "link": "http://item.meilishuo.com/h5/detail/1kmawxe?acm=3.mce.2_0_1kmawxe.6017.56907.xSEtnr82K3zTk.mid_6017-sd_115-lc_201",
        "show": {
            "img": "http://s3.mogucdn.com/mlcdn/c45406/171001_8591lh0k7b51ce30hfe5j311dh955_640x960.jpg",
            "w": 320,
            "h": 416
        },
        "acm": "3.mce.2_0_1kmawxe.6017.56907.xSEtnr82K3zTk.mid_6017-sd_115-lc_201",
        "type": 2,
        "title": "秋冬季新款韩版女装淑女显瘦休闲宽松中长款毛呢背心马甲外套上衣九分裤阔腿裤两件套时尚套装",
        "orgPrice": "￥",
        "props": ["秋冬季新款韩版女装淑女显瘦休闲宽松中长款毛呢背心马甲外套上衣九分裤阔腿裤两件套时尚套装"],
        "lefttop_taglist": [],
        "price": "￥160.00",
        "cfav": 7750,
        "leftbottom_taglist": []
    }, {
        "ptpC": "_mb_mls_0_rc_noab-noab",
        "clientUrl": "http://item.meilishuo.com/h5/detail/1m9jsek?acm=3.mce.2_0_1m9jsek.6017.56907.xSEtnr82K3zTk.mid_6017-sd_115-lc_201",
        "iid": "1m9jsek",
        "oldPrice": "￥",
        "showLarge": {
            "img": "http://s3.mogucdn.com/mlcdn/c45406/181009_3a9a6e579hi97cdk041d4ce9dd7ce_640x960.jpg",
            "w": 560,
            "h": 840
        },
        "link": "http://item.meilishuo.com/h5/detail/1m9jsek?acm=3.mce.2_0_1m9jsek.6017.56907.xSEtnr82K3zTk.mid_6017-sd_115-lc_201",
        "show": {
            "img": "http://s3.mogucdn.com/mlcdn/c45406/181009_3a9a6e579hi97cdk041d4ce9dd7ce_640x960.jpg",
            "w": 320,
            "h": 416
        },
        "acm": "3.mce.2_0_1m9jsek.6017.56907.xSEtnr82K3zTk.mid_6017-sd_115-lc_201",
        "type": 2,
        "title": "【两件70元】2018秋冬新款韩版港风BF宽松字母卡通印花男女情侣连帽加绒卫衣女上衣潮套头",
        "orgPrice": "￥",
        "props": ["【两件70元】2018秋冬新款韩版港风BF宽松字母卡通印花男女情侣连帽加绒卫衣女上衣潮套头"],
        "lefttop_taglist": [],
        "price": "￥70.00",
        "cfav": 8585,
        "leftbottom_taglist": []
    }, {
        "ptpC": "_mb_mls_0_rc_noab-noab",
        "clientUrl": "http://item.meilishuo.com/h5/detail/1m98b3o?acm=3.mce.2_0_1m98b3o.6017.56907.xSEtnr82K3zTk.mid_6017-sd_115-lc_201",
        "iid": "1m98b3o",
        "oldPrice": "￥",
        "showLarge": {
            "img": "http://s3.mogucdn.com/mlcdn/55cf19/180930_4caf1hh1246cli7904ckk8e23fk60_640x960.jpg",
            "w": 560,
            "h": 840
        },
        "link": "http://item.meilishuo.com/h5/detail/1m98b3o?acm=3.mce.2_0_1m98b3o.6017.56907.xSEtnr82K3zTk.mid_6017-sd_115-lc_201",
        "show": {
            "img": "http://s3.mogucdn.com/mlcdn/55cf19/180930_4caf1hh1246cli7904ckk8e23fk60_640x960.jpg",
            "w": 320,
            "h": 416
        },
        "acm": "3.mce.2_0_1m98b3o.6017.56907.xSEtnr82K3zTk.mid_6017-sd_115-lc_201",
        "type": 2,
        "title": "ins新品单肩包迷你小包包女2018新款秋季韩版时尚百搭斜挎包复古链条包斜跨女包学生小方包",
        "orgPrice": "￥",
        "props": ["ins新品单肩包迷你小包包女2018新款秋季韩版时尚百搭斜挎包复古链条包斜跨女包学生小方包"],
        "lefttop_taglist": [],
        "price": "￥82.80",
        "cfav": 437,
        "leftbottom_taglist": []
    }, {
        "ptpC": "_mb_mls_0_rc_noab-noab",
        "clientUrl": "http://item.meilishuo.com/h5/detail/18y9pzo?acm=3.mce.2_0_18y9pzo.6017.56907.xSEtnr82K3zTk.mid_6017-sd_115-lc_201",
        "iid": "18y9pzo",
        "oldPrice": "￥",
        "showLarge": {
            "img": "http://s11.mogucdn.com/mlcdn/c45406/180716_0afe2a3gbflh0e5508k105lbj0dk0_640x960.jpg",
            "w": 560,
            "h": 840
        },
        "link": "http://item.meilishuo.com/h5/detail/18y9pzo?acm=3.mce.2_0_18y9pzo.6017.56907.xSEtnr82K3zTk.mid_6017-sd_115-lc_201",
        "show": {
            "img": "http://s11.mogucdn.com/mlcdn/c45406/180716_0afe2a3gbflh0e5508k105lbj0dk0_640x960.jpg",
            "w": 320,
            "h": 416
        },
        "acm": "3.mce.2_0_18y9pzo.6017.56907.xSEtnr82K3zTk.mid_6017-sd_115-lc_201",
        "type": 2,
        "title": "限时送活肤水 2件8折3件7折】WIS隐形水润面膜24片补水保湿面膜贴控油滋润祛痘印缩毛孔",
        "orgPrice": "￥",
        "props": ["限时送活肤水 2件8折3件7折】WIS隐形水润面膜24片补水保湿面膜贴控油滋润祛痘印缩毛孔"],
        "lefttop_taglist": [],
        "price": "￥256.00",
        "cfav": 42290,
        "leftbottom_taglist": []
    }, {
        "ptpC": "_mb_mls_0_rc_noab-noab",
        "clientUrl": "http://item.meilishuo.com/h5/detail/1m9huhs?acm=3.mce.2_0_1m9huhs.6017.56907.xSEtnr82K3zTk.mid_6017-sd_115-lc_201",
        "iid": "1m9huhs",
        "oldPrice": "￥",
        "showLarge": {
            "img": "http://s3.mogucdn.com/mlcdn/c45406/181006_8c0kfe5aje7g6l052jkbc1d22bg3k_640x960.jpg",
            "w": 560,
            "h": 840
        },
        "link": "http://item.meilishuo.com/h5/detail/1m9huhs?acm=3.mce.2_0_1m9huhs.6017.56907.xSEtnr82K3zTk.mid_6017-sd_115-lc_201",
        "show": {
            "img": "http://s3.mogucdn.com/mlcdn/c45406/181006_8c0kfe5aje7g6l052jkbc1d22bg3k_640x960.jpg",
            "w": 320,
            "h": 416
        },
        "acm": "3.mce.2_0_1m9huhs.6017.56907.xSEtnr82K3zTk.mid_6017-sd_115-lc_201",
        "type": 2,
        "title": "马丁靴女英伦风2018新款短靴厚底百搭增高ins靴子棉鞋女冬",
        "orgPrice": "￥",
        "props": ["马丁靴女英伦风2018新款短靴厚底百搭增高ins靴子棉鞋女冬"],
        "lefttop_taglist": [],
        "price": "￥158.00",
        "cfav": 2044,
        "leftbottom_taglist": []
    }, {
        "ptpC": "_mb_mls_0_rc_noab-noab",
        "clientUrl": "http://item.meilishuo.com/h5/detail/1k695be?acm=3.mce.2_0_1k695be.6017.56907.xSEtnr82K3zTk.mid_6017-sd_115-lc_201",
        "iid": "1k695be",
        "oldPrice": "￥",
        "showLarge": {
            "img": "http://s11.mogucdn.com/mlcdn/c45406/180320_52bkdkblih1hbg5kf23fliff8ch1l_640x960.jpg",
            "w": 560,
            "h": 840
        },
        "link": "http://item.meilishuo.com/h5/detail/1k695be?acm=3.mce.2_0_1k695be.6017.56907.xSEtnr82K3zTk.mid_6017-sd_115-lc_201",
        "show": {
            "img": "http://s11.mogucdn.com/mlcdn/c45406/180320_52bkdkblih1hbg5kf23fliff8ch1l_640x960.jpg",
            "w": 320,
            "h": 416
        },
        "acm": "3.mce.2_0_1k695be.6017.56907.xSEtnr82K3zTk.mid_6017-sd_115-lc_201",
        "type": 2,
        "title": "【买1送杯，买2送同款加杯子，杯子不叠加】老金磨方 红豆薏米粉 冲饮代餐粉营养早餐五谷杂粮",
        "orgPrice": "￥",
        "props": ["【买1送杯，买2送同款加杯子，杯子不叠加】老金磨方 红豆薏米粉 冲饮代餐粉营养早餐五谷杂粮"],
        "lefttop_taglist": [],
        "price": "￥57.00",
        "cfav": 5503,
        "leftbottom_taglist": []
    }, {
        "ptpC": "_mb_mls_0_rc_noab-noab",
        "clientUrl": "http://item.meilishuo.com/h5/detail/1m8sei2?acm=3.mce.2_0_1m8sei2.6017.56907.xSEtnr82K3zTk.mid_6017-sd_115-lc_201",
        "iid": "1m8sei2",
        "oldPrice": "￥",
        "showLarge": {
            "img": "http://s11.mogucdn.com/mlcdn/c45406/180921_0k81iklh4l96460kl390436h1hc5l_640x960.jpg",
            "w": 560,
            "h": 840
        },
        "link": "http://item.meilishuo.com/h5/detail/1m8sei2?acm=3.mce.2_0_1m8sei2.6017.56907.xSEtnr82K3zTk.mid_6017-sd_115-lc_201",
        "show": {
            "img": "http://s11.mogucdn.com/mlcdn/c45406/180921_0k81iklh4l96460kl390436h1hc5l_640x960.jpg",
            "w": 320,
            "h": 416
        },
        "acm": "3.mce.2_0_1m8sei2.6017.56907.xSEtnr82K3zTk.mid_6017-sd_115-lc_201",
        "type": 2,
        "title": "【两件18.9元】发带 女韩版缘公主洗脸压束发带甜美ins风可爱头箍时尚简约发箍发饰品",
        "orgPrice": "￥",
        "props": ["【两件18.9元】发带 女韩版缘公主洗脸压束发带甜美ins风可爱头箍时尚简约发箍发饰品"],
        "lefttop_taglist": [],
        "price": "￥15.00",
        "cfav": 776,
        "leftbottom_taglist": []
    }, {
        "ptpC": "_mb_mls_0_rc_noab-noab",
        "clientUrl": "http://item.meilishuo.com/h5/detail/1m9yu4s?acm=3.mce.2_0_1m9yu4s.6017.56907.xSEtnr82K3zTk.mid_6017-sd_115-lc_201",
        "iid": "1m9yu4s",
        "oldPrice": "￥",
        "showLarge": {
            "img": "http://s11.mogucdn.com/mlcdn/c45406/181016_71kh2gjd1d0k4d20de6i0105i2bc0_640x825.jpg",
            "w": 560,
            "h": 722
        },
        "link": "http://item.meilishuo.com/h5/detail/1m9yu4s?acm=3.mce.2_0_1m9yu4s.6017.56907.xSEtnr82K3zTk.mid_6017-sd_115-lc_201",
        "show": {
            "img": "http://s11.mogucdn.com/mlcdn/c45406/181016_71kh2gjd1d0k4d20de6i0105i2bc0_640x825.jpg",
            "w": 320,
            "h": 416
        },
        "acm": "3.mce.2_0_1m9yu4s.6017.56907.xSEtnr82K3zTk.mid_6017-sd_115-lc_201",
        "type": 2,
        "title": "2018冬装上衣韩版连帽男士棉衣棉袄中长款情侣棉衣男外套棉服男面包服",
        "orgPrice": "￥",
        "props": ["2018冬装上衣韩版连帽男士棉衣棉袄中长款情侣棉衣男外套棉服男面包服"],
        "lefttop_taglist": [],
        "price": "￥268.00",
        "cfav": 16,
        "leftbottom_taglist": []
    }, {
        "ptpC": "_mb_mls_0_rc_noab-noab",
        "clientUrl": "http://item.meilishuo.com/h5/detail/1m6d78i?acm=3.mce.2_0_1m6d78i.6017.56907.xSEtnr82K3zTk.mid_6017-sd_115-lc_201",
        "iid": "1m6d78i",
        "oldPrice": "￥",
        "showLarge": {
            "img": "http://s3.mogucdn.com/mlcdn/c45406/180724_7b722hb9dffi5iei02j7dbi10ahg2_640x960.jpg",
            "w": 560,
            "h": 840
        },
        "link": "http://item.meilishuo.com/h5/detail/1m6d78i?acm=3.mce.2_0_1m6d78i.6017.56907.xSEtnr82K3zTk.mid_6017-sd_115-lc_201",
        "show": {
            "img": "http://s3.mogucdn.com/mlcdn/c45406/180724_7b722hb9dffi5iei02j7dbi10ahg2_640x960.jpg",
            "w": 320,
            "h": 416
        },
        "acm": "3.mce.2_0_1m6d78i.6017.56907.xSEtnr82K3zTk.mid_6017-sd_115-lc_201",
        "type": 2,
        "title": "30包27包20包10包8包亲爽300张包原木抽纸面巾纸纸巾餐巾纸批发整箱家庭装卫生纸家用",
        "orgPrice": "￥",
        "props": ["30包27包20包10包8包亲爽300张包原木抽纸面巾纸纸巾餐巾纸批发整箱家庭装卫生纸家用"],
        "lefttop_taglist": [],
        "price": "￥14.90",
        "cfav": 75,
        "leftbottom_taglist": []
    }, {
        "ptpC": "_mb_mls_0_rc_noab-noab",
        "clientUrl": "http://item.meilishuo.com/h5/detail/1m9pqm8?acm=3.mce.2_0_1m9pqm8.6017.56907.xSEtnr82K3zTk.mid_6017-sd_115-lc_201",
        "iid": "1m9pqm8",
        "oldPrice": "￥",
        "showLarge": {
            "img": "http://s3.mogucdn.com/mlcdn/c45406/181011_09kk8h4i8kh21jjfb6h0e16gg6h40_800x1200.jpg",
            "w": 560,
            "h": 840
        },
        "link": "http://item.meilishuo.com/h5/detail/1m9pqm8?acm=3.mce.2_0_1m9pqm8.6017.56907.xSEtnr82K3zTk.mid_6017-sd_115-lc_201",
        "show": {
            "img": "http://s3.mogucdn.com/mlcdn/c45406/181011_09kk8h4i8kh21jjfb6h0e16gg6h40_800x1200.jpg",
            "w": 320,
            "h": 416
        },
        "acm": "3.mce.2_0_1m9pqm8.6017.56907.xSEtnr82K3zTk.mid_6017-sd_115-lc_201",
        "type": 2,
        "title": "2018冬季新款毛织卫衣+卫裤+双面呢大衣三件套套装",
        "orgPrice": "￥",
        "props": ["2018冬季新款毛织卫衣+卫裤+双面呢大衣三件套套装"],
        "lefttop_taglist": [],
        "price": "￥168.58",
        "cfav": 653,
        "leftbottom_taglist": []
    }, {
        "ptpC": "_mb_mls_0_rc_noab-noab",
        "clientUrl": "http://item.meilishuo.com/h5/detail/1m7bn50?acm=3.mce.2_0_1m7bn50.6017.56907.xSEtnr82K3zTk.mid_6017-sd_115-lc_201",
        "iid": "1m7bn50",
        "oldPrice": "￥",
        "showLarge": {
            "img": "http://s11.mogucdn.com/mlcdn/c45406/180817_2e348467kka72e6j58cf1k58jjj18_640x960.jpg",
            "w": 560,
            "h": 840
        },
        "link": "http://item.meilishuo.com/h5/detail/1m7bn50?acm=3.mce.2_0_1m7bn50.6017.56907.xSEtnr82K3zTk.mid_6017-sd_115-lc_201",
        "show": {
            "img": "http://s11.mogucdn.com/mlcdn/c45406/180817_2e348467kka72e6j58cf1k58jjj18_640x960.jpg",
            "w": 320,
            "h": 416
        },
        "acm": "3.mce.2_0_1m7bn50.6017.56907.xSEtnr82K3zTk.mid_6017-sd_115-lc_201",
        "type": 2,
        "title": "【2件30元三件38元】925银针防过敏耳环气质长款个性百搭流苏耳坠女欧美夸张圆圈耳饰配饰",
        "orgPrice": "￥",
        "props": ["【2件30元三件38元】925银针防过敏耳环气质长款个性百搭流苏耳坠女欧美夸张圆圈耳饰配饰"],
        "lefttop_taglist": [],
        "price": "￥29.00",
        "cfav": 4348,
        "leftbottom_taglist": []
    }, {
        "ptpC": "_mb_mls_0_rc_noab-noab",
        "clientUrl": "http://item.meilishuo.com/h5/detail/1m7y79m?acm=3.mce.2_0_1m7y79m.6017.56907.xSEtnr82K3zTk.mid_6017-sd_115-lc_201",
        "iid": "1m7y79m",
        "oldPrice": "￥",
        "showLarge": {
            "img": "http://s11.mogucdn.com/mlcdn/c45406/180831_3g89bd03034k9l8dg7d32l2h68568_640x960.jpg",
            "w": 560,
            "h": 840
        },
        "link": "http://item.meilishuo.com/h5/detail/1m7y79m?acm=3.mce.2_0_1m7y79m.6017.56907.xSEtnr82K3zTk.mid_6017-sd_115-lc_201",
        "show": {
            "img": "http://s11.mogucdn.com/mlcdn/c45406/180831_3g89bd03034k9l8dg7d32l2h68568_640x960.jpg",
            "w": 320,
            "h": 416
        },
        "acm": "3.mce.2_0_1m7y79m.6017.56907.xSEtnr82K3zTk.mid_6017-sd_115-lc_201",
        "type": 2,
        "title": "2018韩版冬季新款气质名媛甜美可爱A字版小个子中长款带毛领可拆毛呢外套",
        "orgPrice": "￥",
        "props": ["2018韩版冬季新款气质名媛甜美可爱A字版小个子中长款带毛领可拆毛呢外套"],
        "lefttop_taglist": [],
        "price": "￥282.86",
        "cfav": 2521,
        "leftbottom_taglist": []
    }, {
        "ptpC": "_mb_mls_0_rc_noab-noab",
        "clientUrl": "http://item.meilishuo.com/h5/detail/1k9cg24?acm=3.mce.2_0_1k9cg24.6017.56907.xSEtnr82K3zTk.mid_6017-sd_115-lc_201",
        "iid": "1k9cg24",
        "oldPrice": "￥",
        "showLarge": {
            "img": "http://s11.mogucdn.com/mlcdn/c45406/180412_76gb5dfhg4la6c70g40e00630525d_640x960.jpg",
            "w": 560,
            "h": 840
        },
        "link": "http://item.meilishuo.com/h5/detail/1k9cg24?acm=3.mce.2_0_1k9cg24.6017.56907.xSEtnr82K3zTk.mid_6017-sd_115-lc_201",
        "show": {
            "img": "http://s11.mogucdn.com/mlcdn/c45406/180412_76gb5dfhg4la6c70g40e00630525d_640x960.jpg",
            "w": 320,
            "h": 416
        },
        "acm": "3.mce.2_0_1k9cg24.6017.56907.xSEtnr82K3zTk.mid_6017-sd_115-lc_201",
        "type": 2,
        "title": "【2支40元 屈臣氏爆卖】思尚保湿不掉色哑光多色正品口红咬唇妆雾面丝绒 防水不脱色滋润唇膏",
        "orgPrice": "￥",
        "props": ["【2支40元 屈臣氏爆卖】思尚保湿不掉色哑光多色正品口红咬唇妆雾面丝绒 防水不脱色滋润唇膏"],
        "lefttop_taglist": [],
        "price": "￥70.00",
        "cfav": 28572,
        "leftbottom_taglist": []
    }, {
        "ptpC": "_mb_mls_0_rc_noab-noab",
        "clientUrl": "http://item.meilishuo.com/h5/detail/1m9kouc?acm=3.mce.2_0_1m9kouc.6017.56907.xSEtnr82K3zTk.mid_6017-sd_115-lc_201",
        "iid": "1m9kouc",
        "oldPrice": "￥",
        "showLarge": {
            "img": "http://s3.mogucdn.com/mlcdn/c45406/181008_0i604fkg003a3hc814gfbjgkc5g3b_640x960.jpg",
            "w": 560,
            "h": 840
        },
        "link": "http://item.meilishuo.com/h5/detail/1m9kouc?acm=3.mce.2_0_1m9kouc.6017.56907.xSEtnr82K3zTk.mid_6017-sd_115-lc_201",
        "show": {
            "img": "http://s3.mogucdn.com/mlcdn/c45406/181008_0i604fkg003a3hc814gfbjgkc5g3b_640x960.jpg",
            "w": 320,
            "h": 416
        },
        "acm": "3.mce.2_0_1m9kouc.6017.56907.xSEtnr82K3zTk.mid_6017-sd_115-lc_201",
        "type": 2,
        "title": "皮毛一体羊羔毛外套2018冬季新款麂皮绒机车毛绒绒棉衣夹克+高领毛衣+蓝色牛仔裤三件套套装",
        "orgPrice": "￥",
        "props": ["皮毛一体羊羔毛外套2018冬季新款麂皮绒机车毛绒绒棉衣夹克+高领毛衣+蓝色牛仔裤三件套套装"],
        "lefttop_taglist": [],
        "price": "￥92.86",
        "cfav": 1695,
        "leftbottom_taglist": []
    }, {
        "ptpC": "_mb_mls_0_rc_noab-noab",
        "clientUrl": "http://item.meilishuo.com/h5/detail/1m89fnm?acm=3.mce.2_0_1m89fnm.6017.56907.xSEtnr82K3zTk.mid_6017-sd_115-lc_201",
        "iid": "1m89fnm",
        "oldPrice": "￥",
        "showLarge": {
            "img": "http://s3.mogucdn.com/mlcdn/c45406/181010_15a64f02il5434ah4d8b6dkcdild0_640x960.jpg",
            "w": 560,
            "h": 840
        },
        "link": "http://item.meilishuo.com/h5/detail/1m89fnm?acm=3.mce.2_0_1m89fnm.6017.56907.xSEtnr82K3zTk.mid_6017-sd_115-lc_201",
        "show": {
            "img": "http://s3.mogucdn.com/mlcdn/c45406/181010_15a64f02il5434ah4d8b6dkcdild0_640x960.jpg",
            "w": 320,
            "h": 416
        },
        "acm": "3.mce.2_0_1m89fnm.6017.56907.xSEtnr82K3zTk.mid_6017-sd_115-lc_201",
        "type": 2,
        "title": "【光腿神器 性价感人】2018秋冬新品打底裤女外穿显瘦微压瘦腿百搭高腰加绒保暖连体踩脚裤子",
        "orgPrice": "￥",
        "props": ["【光腿神器 性价感人】2018秋冬新品打底裤女外穿显瘦微压瘦腿百搭高腰加绒保暖连体踩脚裤子"],
        "lefttop_taglist": [],
        "price": "￥42.72",
        "cfav": 6146,
        "leftbottom_taglist": []
    }, {
        "ptpC": "_mb_mls_0_rc_noab-noab",
        "clientUrl": "http://item.meilishuo.com/h5/detail/1ln8yaa?acm=3.mce.2_0_1ln8yaa.6017.56907.xSEtnr82K3zTk.mid_6017-sd_115-lc_201",
        "iid": "1ln8yaa",
        "oldPrice": "￥",
        "showLarge": {
            "img": "http://s11.mogucdn.com/mlcdn/c45406/171213_36faajf5388b7lcfhj373e2b18a0l_640x960.jpg",
            "w": 560,
            "h": 840
        },
        "link": "http://item.meilishuo.com/h5/detail/1ln8yaa?acm=3.mce.2_0_1ln8yaa.6017.56907.xSEtnr82K3zTk.mid_6017-sd_115-lc_201",
        "show": {
            "img": "http://s11.mogucdn.com/mlcdn/c45406/171213_36faajf5388b7lcfhj373e2b18a0l_640x960.jpg",
            "w": 320,
            "h": 416
        },
        "acm": "3.mce.2_0_1ln8yaa.6017.56907.xSEtnr82K3zTk.mid_6017-sd_115-lc_201",
        "type": 2,
        "title": "冬季新款枫叶红色廓形超长款大衣双面羊毛呢子外套宽松女",
        "orgPrice": "￥",
        "props": ["冬季新款枫叶红色廓形超长款大衣双面羊毛呢子外套宽松女"],
        "lefttop_taglist": [],
        "price": "￥313.43",
        "cfav": 4951,
        "leftbottom_taglist": []
    }, {
        "ptpC": "_mb_mls_0_rc_noab-noab",
        "clientUrl": "http://item.meilishuo.com/h5/detail/1m9v356?acm=3.mce.2_0_1m9v356.6017.56907.xSEtnr82K3zTk.mid_6017-sd_115-lc_201",
        "iid": "1m9v356",
        "oldPrice": "￥",
        "showLarge": {
            "img": "http://s3.mogucdn.com/mlcdn/c45406/181018_5d9adlh0d1b6j47ifh6ai1ajka8l6_640x960.jpg",
            "w": 560,
            "h": 840
        },
        "link": "http://item.meilishuo.com/h5/detail/1m9v356?acm=3.mce.2_0_1m9v356.6017.56907.xSEtnr82K3zTk.mid_6017-sd_115-lc_201",
        "show": {
            "img": "http://s3.mogucdn.com/mlcdn/c45406/181018_5d9adlh0d1b6j47ifh6ai1ajka8l6_640x960.jpg",
            "w": 320,
            "h": 416
        },
        "acm": "3.mce.2_0_1m9v356.6017.56907.xSEtnr82K3zTk.mid_6017-sd_115-lc_201",
        "type": 2,
        "title": "ins马丁靴子女加绒2018秋冬季新款网红女鞋韩版百搭小短靴短筒袜矮靴",
        "orgPrice": "￥",
        "props": ["ins马丁靴子女加绒2018秋冬季新款网红女鞋韩版百搭小短靴短筒袜矮靴"],
        "lefttop_taglist": [],
        "price": "￥112.86",
        "cfav": 1448,
        "leftbottom_taglist": []
    }, {
        "ptpC": "_mb_mls_0_rc_noab-noab",
        "clientUrl": "http://item.meilishuo.com/h5/detail/1ma5ege?acm=3.mce.2_0_1ma5ege.6017.56907.xSEtnr82K3zTk.mid_6017-sd_115-lc_201",
        "iid": "1ma5ege",
        "oldPrice": "￥",
        "showLarge": {
            "img": "http://s11.mogucdn.com/mlcdn/c45406/181020_6gefd047j21cjbj8l384hhfibab77_640x900.jpg",
            "w": 560,
            "h": 788
        },
        "link": "http://item.meilishuo.com/h5/detail/1ma5ege?acm=3.mce.2_0_1ma5ege.6017.56907.xSEtnr82K3zTk.mid_6017-sd_115-lc_201",
        "show": {
            "img": "http://s11.mogucdn.com/mlcdn/c45406/181020_6gefd047j21cjbj8l384hhfibab77_640x900.jpg",
            "w": 320,
            "h": 416
        },
        "acm": "3.mce.2_0_1ma5ege.6017.56907.xSEtnr82K3zTk.mid_6017-sd_115-lc_201",
        "type": 2,
        "title": "2018冬季新款韩版宽松纯色慵懒风毛衣时尚套装宽松舒适休闲运动裤两件套女",
        "orgPrice": "￥",
        "props": ["2018冬季新款韩版宽松纯色慵懒风毛衣时尚套装宽松舒适休闲运动裤两件套女"],
        "lefttop_taglist": [],
        "price": "￥112.86",
        "cfav": 853,
        "leftbottom_taglist": []
    }, {
        "ptpC": "_mb_mls_0_rc_noab-noab",
        "clientUrl": "http://item.meilishuo.com/h5/detail/1kkmgwy?acm=3.mce.2_0_1kkmgwy.6017.56907.xSEtnr82K3zTk.mid_6017-sd_115-lc_201",
        "iid": "1kkmgwy",
        "oldPrice": "￥",
        "showLarge": {
            "img": "http://s3.mogucdn.com/mlcdn/c45406/170917_4i8j5h2f63g0klj95f3la6aka1b4i_640x960.jpg",
            "w": 560,
            "h": 840
        },
        "link": "http://item.meilishuo.com/h5/detail/1kkmgwy?acm=3.mce.2_0_1kkmgwy.6017.56907.xSEtnr82K3zTk.mid_6017-sd_115-lc_201",
        "show": {
            "img": "http://s3.mogucdn.com/mlcdn/c45406/170917_4i8j5h2f63g0klj95f3la6aka1b4i_640x960.jpg",
            "w": 320,
            "h": 416
        },
        "acm": "3.mce.2_0_1kkmgwy.6017.56907.xSEtnr82K3zTk.mid_6017-sd_115-lc_201",
        "type": 2,
        "title": "【加绒加厚】2018秋冬新款男士灯芯绒小脚休闲裤韩版宽松束脚裤青少年百搭哈伦裤潮男黑色长裤",
        "orgPrice": "￥",
        "props": ["【加绒加厚】2018秋冬新款男士灯芯绒小脚休闲裤韩版宽松束脚裤青少年百搭哈伦裤潮男黑色长裤"],
        "lefttop_taglist": [],
        "price": "￥114.00",
        "cfav": 28168,
        "leftbottom_taglist": []
    }, {
        "ptpC": "_mb_mls_0_rc_noab-noab",
        "clientUrl": "http://item.meilishuo.com/h5/detail/1m9s9qi?acm=3.mce.2_0_1m9s9qi.6017.56907.xSEtnr82K3zTk.mid_6017-sd_115-lc_201",
        "iid": "1m9s9qi",
        "oldPrice": "￥",
        "showLarge": {
            "img": "http://s3.mogucdn.com/mlcdn/c45406/181012_6ljhl8k6ai801566lh9ejf46392fe_640x960.jpg",
            "w": 560,
            "h": 840
        },
        "link": "http://item.meilishuo.com/h5/detail/1m9s9qi?acm=3.mce.2_0_1m9s9qi.6017.56907.xSEtnr82K3zTk.mid_6017-sd_115-lc_201",
        "show": {
            "img": "http://s3.mogucdn.com/mlcdn/c45406/181012_6ljhl8k6ai801566lh9ejf46392fe_640x960.jpg",
            "w": 320,
            "h": 416
        },
        "acm": "3.mce.2_0_1m9s9qi.6017.56907.xSEtnr82K3zTk.mid_6017-sd_115-lc_201",
        "type": 2,
        "title": "韩版冬装新款宽松bf收腰工装棉服女中长款棉袄2018大毛领chic加厚棉衣外套",
        "orgPrice": "￥",
        "props": ["韩版冬装新款宽松bf收腰工装棉服女中长款棉袄2018大毛领chic加厚棉衣外套"],
        "lefttop_taglist": [],
        "price": "￥240.00",
        "cfav": 662,
        "leftbottom_taglist": []
    }, {
        "ptpC": "_mb_mls_0_rc_noab-noab",
        "clientUrl": "http://item.meilishuo.com/h5/detail/1m2inzo?acm=3.mce.2_0_1m2inzo.6017.56907.xSEtnr82K3zTk.mid_6017-sd_115-lc_201",
        "iid": "1m2inzo",
        "oldPrice": "￥",
        "showLarge": {
            "img": "http://s3.mogucdn.com/mlcdn/c45406/180729_1j6l95c5icddk4jl2j8d8d62ejh08_640x961.jpg",
            "w": 560,
            "h": 841
        },
        "link": "http://item.meilishuo.com/h5/detail/1m2inzo?acm=3.mce.2_0_1m2inzo.6017.56907.xSEtnr82K3zTk.mid_6017-sd_115-lc_201",
        "show": {
            "img": "http://s3.mogucdn.com/mlcdn/c45406/180729_1j6l95c5icddk4jl2j8d8d62ejh08_640x961.jpg",
            "w": 320,
            "h": 416
        },
        "acm": "3.mce.2_0_1m2inzo.6017.56907.xSEtnr82K3zTk.mid_6017-sd_115-lc_201",
        "type": 2,
        "title": "创意带盖带勺吸管玻璃杯便携ins水杯女学生果汁杯韩版简约清新原宿花茶杯子",
        "orgPrice": "￥",
        "props": ["创意带盖带勺吸管玻璃杯便携ins水杯女学生果汁杯韩版简约清新原宿花茶杯子"],
        "lefttop_taglist": [],
        "price": "￥14.90",
        "cfav": 1543,
        "leftbottom_taglist": []
    }, {
        "ptpC": "_mb_mls_0_rc_noab-noab",
        "clientUrl": "http://item.meilishuo.com/h5/detail/1kmycc6?acm=3.mce.2_0_1kmycc6.6017.56907.xSEtnr82K3zTk.mid_6017-sd_115-lc_201",
        "iid": "1kmycc6",
        "oldPrice": "￥",
        "showLarge": {
            "img": "http://s11.mogucdn.com/mlcdn/c45406/180807_8aii8k6efbe7j916bfjgad164kk5k_640x960.jpg",
            "w": 560,
            "h": 840
        },
        "link": "http://item.meilishuo.com/h5/detail/1kmycc6?acm=3.mce.2_0_1kmycc6.6017.56907.xSEtnr82K3zTk.mid_6017-sd_115-lc_201",
        "show": {
            "img": "http://s11.mogucdn.com/mlcdn/c45406/180807_8aii8k6efbe7j916bfjgad164kk5k_640x960.jpg",
            "w": 320,
            "h": 416
        },
        "acm": "3.mce.2_0_1kmycc6.6017.56907.xSEtnr82K3zTk.mid_6017-sd_115-lc_201",
        "type": 2,
        "title": "2018冬季上衣新款加厚男士毛衣男港风宽松圆领毛衣男ins休闲学生针织衫男神同款情侣毛衣",
        "orgPrice": "￥",
        "props": ["2018冬季上衣新款加厚男士毛衣男港风宽松圆领毛衣男ins休闲学生针织衫男神同款情侣毛衣"],
        "lefttop_taglist": [],
        "price": "￥140.00",
        "cfav": 268,
        "leftbottom_taglist": []
    }]
}