{
	"model": [{
		"image": "https://s10.mogucdn.com/mlcdn/c45406/180814_216cd6fhj8eeh8661kg3il917402d_265x331.jpg",
		"link": "mls://category/wall?fcid=10059455&title=%E5%88%9D%E7%A7%8B%E6%96%B0%E5%93%81&acm=3.mce.2_10_1igsq.20783.0.ziDCTr82IdvVD.pos_0-m_430761-sd_119",
		"acm": "3.mce.2_10_1igsq.20783.0.ziDCTr82IdvVD.pos_0-m_430761-sd_119",
		"sort": 1,
		"title": "秋冬新品"
	}, {
		"image": "https://s10.mogucdn.com/mlcdn/c45406/181016_7fj5a2ji46acg857cc2jd193lhidf_265x331.jpg",
		"link": "mls://subcategory?pid=23022&title=%E9%9E%8B%E5%AD%90&fcid=10057052&acm=3.mce.2_10_1eaii.20783.0.ziDCTr82IdvVE.pos_1-m_333377-sd_119",
		"acm": "3.mce.2_10_1eaii.20783.0.ziDCTr82IdvVE.pos_1-m_333377-sd_119",
		"sort": 2,
		"title": "鞋子"
	}, {
		"image": "https://s10.mogucdn.com/mlcdn/c45406/181016_2gl3lfa7idf76blggfdflh399bi9c_265x331.jpg",
		"link": "mls://category/wall?fcid=10057051&title=%E8%A3%A4%E5%AD%90&acm=3.mce.2_10_1eaji.20783.0.ziDCTr82IdvVF.pos_2-m_333395-sd_119",
		"acm": "3.mce.2_10_1eaji.20783.0.ziDCTr82IdvVF.pos_2-m_333395-sd_119",
		"sort": 3,
		"title": "裤子"
	}, {
		"image": "https://s10.mogucdn.com/mlcdn/c45406/180815_2lbjkclg0hkl0k7e1ak2e1c4f0c2e_265x331.jpg",
		"link": "mls://subcategory?pid=23020&title=%E8%A3%99%E5%AD%90&fcid=10057050&acm=3.mce.2_10_1eaie.20783.0.ziDCTr82IdvVG.pos_3-m_333375-sd_119",
		"acm": "3.mce.2_10_1eaie.20783.0.ziDCTr82IdvVG.pos_3-m_333375-sd_119",
		"sort": 4,
		"title": "裙子"
	}, {
		"image": "https://s10.mogucdn.com/mlcdn/c45406/181016_7215619l03fd71gd75477l8le43i8_265x331.jpg",
		"link": "mls://category/wall?fcid=10059986&title=%E6%AF%9B%E8%A1%A3&acm=3.mce.2_10_1eaj8.20783.0.ziDCTr82IdvVH.pos_4-m_333390-sd_119",
		"acm": "3.mce.2_10_1eaj8.20783.0.ziDCTr82IdvVH.pos_4-m_333390-sd_119",
		"sort": 5,
		"title": "温暖毛衣"
	}, {
		"image": "https://s10.mogucdn.com/mlcdn/c45406/181016_6ilf9c388dh8gfb2hih58h8ag9331_265x331.jpg",
		"link": "mls://category/wall?fcid=10059650&title=%E9%A3%8E%E8%A1%A3&acm=3.mce.2_10_1el0c.20783.0.ziDCTr82IdvVI.pos_5-m_340178-sd_119",
		"acm": "3.mce.2_10_1el0c.20783.0.ziDCTr82IdvVI.pos_5-m_340178-sd_119",
		"sort": 6,
		"title": "气质风衣"
	}, {
		"image": "https://s10.mogucdn.com/mlcdn/c45406/181016_8bd9dl1cd55a2ic4giddck348k5a9_265x331.jpg",
		"link": "mls://category/wall?fcid=10059473&title=%E5%8D%AB%E8%A1%A3&acm=3.mce.2_10_1eaje.20783.0.ziDCTr82IdvVJ.pos_6-m_333393-sd_119",
		"acm": "3.mce.2_10_1eaje.20783.0.ziDCTr82IdvVJ.pos_6-m_333393-sd_119",
		"sort": 7,
		"title": "卫衣"
	}, {
		"image": "https://s10.mogucdn.com/mlcdn/c45406/181016_7kgid636di8995l0c14fj3c53715l_265x331.jpg",
		"link": "mls://subcategory?pid=23027&title=%E9%85%8D%E9%A5%B0&fcid=10057054&acm=3.mce.2_10_1eais.20783.0.ziDCTr82IdvVK.pos_7-m_333382-sd_119",
		"acm": "3.mce.2_10_1eais.20783.0.ziDCTr82IdvVK.pos_7-m_333382-sd_119",
		"sort": 8,
		"title": "配饰"
	}, {
		"image": "https://s10.mogucdn.com/mlcdn/c45406/181016_4l8gcc4ia7361fdea6h1b3h7g5b14_265x331.jpg",
		"link": "mls://category/wall?fcid=10062744&title=%E5%A5%97%E8%A3%85&acm=3.mce.2_10_1el0e.20783.0.ziDCTr82IdvVL.pos_8-m_340179-sd_119",
		"acm": "3.mce.2_10_1el0e.20783.0.ziDCTr82IdvVL.pos_8-m_340179-sd_119",
		"sort": 9,
		"title": "流行套装"
	}, {
		"image": "https://s10.mogucdn.com/mlcdn/c45406/181016_7cl3gck727al61k7ac69ajghhl9dj_265x331.jpg",
		"link": "mls://category/wall?fcid=10059455&title=%E5%88%9D%E7%A7%8B%E5%A4%96%E5%A5%97&acm=3.mce.2_10_1eaj4.20783.0.ziDCTr82IdvVM.pos_9-m_333388-sd_119",
		"acm": "3.mce.2_10_1eaj4.20783.0.ziDCTr82IdvVM.pos_9-m_333388-sd_119",
		"sort": 10,
		"title": "时髦外套"
	}, {
		"image": "https://s10.mogucdn.com/mlcdn/c45406/181016_4b573ejfcl491i7757dcj050cfaf5_265x331.jpg",
		"link": "mls://subcategory?pid=23025&title=%E7%BE%8E%E5%A6%86&fcid=10057056&acm=3.mce.2_10_1eaim.20783.0.ziDCTr82IdvVN.pos_10-m_333379-sd_119",
		"acm": "3.mce.2_10_1eaim.20783.0.ziDCTr82IdvVN.pos_10-m_333379-sd_119",
		"sort": 11,
		"title": "美妆个护"
	}, {
		"image": "https://s10.mogucdn.com/mlcdn/c45406/180625_054g0ej64e2iib643b20fjjai9a31_265x331.jpg",
		"link": "mls://subcategory?fcid=10057057&title=%E7%94%B7%E5%8F%8B&pid=23018&acm=3.mce.2_10_1eaj0.20783.0.ziDCTr82IdvVO.pos_11-m_333386-sd_119",
		"acm": "3.mce.2_10_1eaj0.20783.0.ziDCTr82IdvVO.pos_11-m_333386-sd_119",
		"sort": 12,
		"title": "男友"
	}, {
		"image": "https://s10.mogucdn.com/mlcdn/c45406/181029_6bdgk4bdfbihgkj1i58bke9lj0gc8_265x331.jpg",
		"link": "mls://category/wall?fcid=10060286&title=%E6%A3%89%E6%9C%8D&acm=3.mce.2_10_1eajg.20783.0.ziDCTr82IdvVP.pos_12-m_333394-sd_119",
		"acm": "3.mce.2_10_1eajg.20783.0.ziDCTr82IdvVP.pos_12-m_333394-sd_119",
		"sort": 13,
		"title": "棉服"
	}, {
		"image": "https://s10.mogucdn.com/mlcdn/c45406/181016_65e6la1dk915a70fi33ea11590495_265x331.jpg",
		"link": "mls://subcategory?fcid=10057055&title=%E5%86%85%E8%A1%A3&pid=23523&acm=3.mce.2_10_1eaiq.20783.0.ziDCTr82IdvVQ.pos_13-m_333381-sd_119",
		"acm": "3.mce.2_10_1eaiq.20783.0.ziDCTr82IdvVQ.pos_13-m_333381-sd_119",
		"sort": 14,
		"title": "内衣"
	}, {
		"image": "https://s10.mogucdn.com/mlcdn/c45406/181016_2if7jcl95h222a3ahh873gfdc1l45_265x331.jpg",
		"link": "mls://subcategory?pid=23019&title=%E5%8C%85%E5%8C%85&fcid=10057053&acm=3.mce.2_10_1eaik.20783.0.ziDCTr82IdvVR.pos_14-m_333378-sd_119",
		"acm": "3.mce.2_10_1eaik.20783.0.ziDCTr82IdvVR.pos_14-m_333378-sd_119",
		"sort": 15,
		"title": "包包"
	}, {
		"image": "https://s10.mogucdn.com/mlcdn/c45406/181016_26g76d1j8b9aa2k608lkkbegjb4fj_265x331.jpg",
		"link": "mls://subcategory?fcid=10057058&title=%E6%BD%AE%E5%AE%9D%E7%AB%A5%E8%A3%85&pid=23525&acm=3.mce.2_10_1eaj6.20783.0.ziDCTr82IdvVS.pos_15-m_333389-sd_119",
		"acm": "3.mce.2_10_1eaj6.20783.0.ziDCTr82IdvVS.pos_15-m_333389-sd_119",
		"sort": 16,
		"title": "童装"
	}]
}