{
	"model": [{
		"itemType": 10,
		"ptpC": "_mb_mls_10057922_app-category_noab-noab",
		"titleTags": "时尚套装;高腰;显瘦;图案;网红款;星星;新款;秋冬",
		"clientUrl": "http://item.meilishuo.com/h5/detail/1ma8i08?acm=3.ms.0_4_1ma8i08.0.13384-26167-69004.ni0a5r82Iu5ll.t_-sd_117-lc_1",
		"iid": "1ma8i08",
		"showLarge": {
			"img": "http://s11.mogucdn.com/mlcdn/c45406/181029_0k5i1jcd1l247ll8969ifb6l38038_640x960.jpg_560x999.jpg",
			"w": 560,
			"h": 840
		},
		"link": "http://item.meilishuo.com/h5/detail/1ma8i08?acm=3.ms.0_4_1ma8i08.0.13384-26167-69004.ni0a5r82Iu5ll.t_-sd_117-lc_1",
		"show": {
			"img": "http://s11.mogucdn.com/mlcdn/c45406/181029_0k5i1jcd1l247ll8969ifb6l38038_640x960.jpg_320x999.jpg",
			"w": 320,
			"h": 416
		},
		"itemMarks": "-1",
		"acm": "3.ms.0_4_1ma8i08.0.13384-26167-69004.ni0a5r82Iu5ll.t_-sd_117-lc_1",
		"type": 2,
		"title": "时尚套装 高腰 显瘦 图案 网红款 星星 新款 秋冬",
		"orgPrice": "￥82.86",
		"props": ["时尚套装", "高腰", "显瘦", "图案", "网红款", "星星", "新款", "秋冬"],
		"lefttop_taglist": [],
		"sale": 9261,
		"price": "￥58.00",
		"cfav": 4,
		"leftbottom_taglist": [],
		"shopId": 1302422548
	}, {
		"itemType": 10,
		"ptpC": "_mb_mls_10057922_app-category_noab-noab",
		"titleTags": "时尚套装;针织;百搭;前短后长;新款;韩版",
		"clientUrl": "http://item.meilishuo.com/h5/detail/1lo5rso?acm=3.ms.0_4_1lo5rso.0.13384-26167-69004.ni0a5r82Iu5ll.t_-sd_117-lc_1",
		"iid": "1lo5rso",
		"showLarge": {
			"img": "http://s3.mogucdn.com/mlcdn/c45406/171224_57ldck1ki0bjh0fc48ac0e2f9i788_640x960.jpg_560x999.jpg",
			"w": 560,
			"h": 840
		},
		"link": "http://item.meilishuo.com/h5/detail/1lo5rso?acm=3.ms.0_4_1lo5rso.0.13384-26167-69004.ni0a5r82Iu5ll.t_-sd_117-lc_1",
		"show": {
			"img": "http://s3.mogucdn.com/mlcdn/c45406/171224_57ldck1ki0bjh0fc48ac0e2f9i788_640x960.jpg_320x999.jpg",
			"w": 320,
			"h": 416
		},
		"itemMarks": "1525 166 16",
		"acm": "3.ms.0_4_1lo5rso.0.13384-26167-69004.ni0a5r82Iu5ll.t_-sd_117-lc_1",
		"type": 2,
		"title": "时尚套装 针织 百搭 前短后长 新款 韩版",
		"orgPrice": "￥77.15",
		"props": ["时尚套装", "针织", "百搭", "前短后长", "新款", "韩版"],
		"lefttop_taglist": [],
		"sale": 7250,
		"price": "￥54.00",
		"cfav": 1750,
		"leftbottom_taglist": [],
		"shopId": 10688881
	}, {
		"itemType": 7,
		"ptpC": "_mb_mls_10057922_app-category_noab-noab",
		"titleTags": "毛呢短裤;高腰;显瘦;呢子;百搭;打底;修身;秋冬季;新款;秋季;韩版",
		"clientUrl": "http://item.meilishuo.com/h5/detail/1m7sloa?acm=3.ms.2_1_1m7sloa.0.70867-26167-69004.ni0a5r82Iu5ll.sd_117-c_2_28_439542859_461450137_1_0-t_-c1_10057922_nil_nil_1_461450137_31_0-lc_28&cparam=MTU0MDk3NTU3OF8xZWpkdXhhXzU3ZTZhNWFiZTg3NWU4MTRhN2ZlM2NjYjkxZTM1Y2Q5XzI4XzBfNDM5NTQyODU5XzBfMF8xXzBfNDI1XzBfMA==",
		"iid": "1m7sloa",
		"showLarge": {
			"img": "http://s3.mogucdn.com/mlcdn/c45406/180828_5ck03a8adi68j9deif4aa7a58ef1d_640x960.jpg_560x999.jpg",
			"w": 560,
			"h": 840
		},
		"link": "http://item.meilishuo.com/h5/detail/1m7sloa?acm=3.ms.2_1_1m7sloa.0.70867-26167-69004.ni0a5r82Iu5ll.sd_117-c_2_28_439542859_461450137_1_0-t_-c1_10057922_nil_nil_1_461450137_31_0-lc_28&cparam=MTU0MDk3NTU3OF8xZWpkdXhhXzU3ZTZhNWFiZTg3NWU4MTRhN2ZlM2NjYjkxZTM1Y2Q5XzI4XzBfNDM5NTQyODU5XzBfMF8xXzBfNDI1XzBfMA==",
		"show": {
			"img": "http://s11.mogucdn.com/mlcdn/c45406/180828_5ck03a8adi68j9deif4aa7a58ef1d_640x960.jpg_320x999.jpg",
			"w": 320,
			"h": 416
		},
		"itemMarks": "1525 352 166 16 351 1636",
		"acm": "3.ms.2_1_1m7sloa.0.70867-26167-69004.ni0a5r82Iu5ll.sd_117-c_2_28_439542859_461450137_1_0-t_-c1_10057922_nil_nil_1_461450137_31_0-lc_28",
		"type": 2,
		"title": "毛呢短裤 高腰 显瘦 呢子 百搭 打底 修身 秋冬季 新款 秋季 韩版",
		"orgPrice": "￥59.00",
		"cparam": "MTU0MDk3NTU3OF8xZWpkdXhhXzU3ZTZhNWFiZTg3NWU4MTRhN2ZlM2NjYjkxZTM1Y2Q5XzI4XzBfNDM5NTQyODU5XzBfMF8xXzBfNDI1XzBfMA==",
		"props": ["毛呢短裤", "高腰", "显瘦", "呢子", "百搭", "打底", "修身", "秋冬季", "新款", "秋季", "韩版"],
		"lefttop_taglist": [],
		"sale": "547",
		"price": "￥41.30",
		"cfav": "769",
		"leftbottom_taglist": [{
			"color": "#FFFFFF",
			"bgColor": "#8C5C99",
			"content": "广告",
			"font": "Helvetica Neue"
		}],
		"shopId": "110173"
	}, {
		"itemType": 7,
		"ptpC": "_mb_mls_10057922_app-category_noab-noab",
		"titleTags": "烟管裤;高腰;黑色;宽松;百搭;韩版;新款",
		"clientUrl": "http://item.meilishuo.com/h5/detail/1ly4a08?acm=3.ms.2_1_1ly4a08.0.70867-26167-69004.ni0a5r82Iu5ll.sd_117-c_2_28_364099273_1983760_2_0-t_-c1_10057922_nil_nil_0_1983760_30_0-lc_28&cparam=MTU0MDk3NTU3OF8xYzFqdG15XzA3ZTE3NDM2MzJmYzQ3MzIwMGQzMGRhMTczYzMzZjhiXzI4XzFfMzY0MDk5MjczXzBfMTk4Mzc2MF8yXzBfMjAzXzBfMA==",
		"iid": "1ly4a08",
		"showLarge": {
			"img": "http://s3.mogucdn.com/mlcdn/17f85e/180420_0bbd8jg53i8577d9948b9i85kfalh_640x960.jpg_560x999.jpg",
			"w": 560,
			"h": 840
		},
		"link": "http://item.meilishuo.com/h5/detail/1ly4a08?acm=3.ms.2_1_1ly4a08.0.70867-26167-69004.ni0a5r82Iu5ll.sd_117-c_2_28_364099273_1983760_2_0-t_-c1_10057922_nil_nil_0_1983760_30_0-lc_28&cparam=MTU0MDk3NTU3OF8xYzFqdG15XzA3ZTE3NDM2MzJmYzQ3MzIwMGQzMGRhMTczYzMzZjhiXzI4XzFfMzY0MDk5MjczXzBfMTk4Mzc2MF8yXzBfMjAzXzBfMA==",
		"show": {
			"img": "http://s11.mogucdn.com/mlcdn/17f85e/180420_0bbd8jg53i8577d9948b9i85kfalh_640x960.jpg_320x999.jpg",
			"w": 320,
			"h": 416
		},
		"itemMarks": "1525 352 351",
		"acm": "3.ms.2_1_1ly4a08.0.70867-26167-69004.ni0a5r82Iu5ll.sd_117-c_2_28_364099273_1983760_2_0-t_-c1_10057922_nil_nil_0_1983760_30_0-lc_28",
		"type": 2,
		"title": "烟管裤 高腰 黑色 宽松 百搭 韩版 新款",
		"orgPrice": "￥50.00",
		"cparam": "MTU0MDk3NTU3OF8xYzFqdG15XzA3ZTE3NDM2MzJmYzQ3MzIwMGQzMGRhMTczYzMzZjhiXzI4XzFfMzY0MDk5MjczXzBfMTk4Mzc2MF8yXzBfMjAzXzBfMA==",
		"props": ["烟管裤", "高腰", "黑色", "宽松", "百搭", "韩版", "新款"],
		"lefttop_taglist": [],
		"sale": "4964",
		"price": "￥35.00",
		"cfav": "13741",
		"leftbottom_taglist": [{
			"color": "#FFFFFF",
			"bgColor": "#FEC24A",
			"content": "热卖",
			"font": "Helvetica Neue"
		}],
		"shopId": "20857448"
	}, {
		"itemType": 10,
		"ptpC": "_mb_mls_10057922_app-category_noab-noab",
		"titleTags": "时尚套装;格子;百搭;bf风;宽松;学院风;秋季;新款;韩版",
		"clientUrl": "http://item.meilishuo.com/h5/detail/1m769vs?acm=3.ms.0_4_1m769vs.0.13384-26167-69004.ni0a5r82Iu5ll.t_-sd_117-lc_1",
		"iid": "1m769vs",
		"showLarge": {
			"img": "http://s11.mogucdn.com/mlcdn/c45406/180812_5ejaf15h8i9182c1765lbf6464d8h_640x960.jpg_560x999.jpg",
			"w": 560,
			"h": 840
		},
		"link": "http://item.meilishuo.com/h5/detail/1m769vs?acm=3.ms.0_4_1m769vs.0.13384-26167-69004.ni0a5r82Iu5ll.t_-sd_117-lc_1",
		"show": {
			"img": "http://s3.mogucdn.com/mlcdn/c45406/180812_5ejaf15h8i9182c1765lbf6464d8h_640x960.jpg_320x999.jpg",
			"w": 320,
			"h": 416
		},
		"itemMarks": "166 16",
		"acm": "3.ms.0_4_1m769vs.0.13384-26167-69004.ni0a5r82Iu5ll.t_-sd_117-lc_1",
		"type": 2,
		"title": "时尚套装 格子 百搭 bf风 宽松 学院风 秋季 新款 韩版",
		"orgPrice": "￥99.00",
		"props": ["时尚套装", "格子", "百搭", "bf风", "宽松", "学院风", "秋季", "新款", "韩版"],
		"lefttop_taglist": [],
		"sale": 4803,
		"price": "￥69.30",
		"cfav": 217,
		"leftbottom_taglist": [],
		"shopId": 21920492
	}, {
		"itemType": 10,
		"ptpC": "_mb_mls_10057922_app-category_noab-noab",
		"titleTags": "长袖衬衫;格子;宽松;百搭;中长款;复古;新款;韩版",
		"clientUrl": "http://item.meilishuo.com/h5/detail/1m6m0bc?acm=3.ms.0_4_1m6m0bc.0.13384-26167-69004.ni0a5r82Iu5ll.t_-sd_117-lc_1",
		"iid": "1m6m0bc",
		"showLarge": {
			"img": "http://s3.mogucdn.com/mlcdn/c45406/180729_00ga5gih02jefgh47248hk6h94bl4_640x960.jpg_560x999.jpg",
			"w": 560,
			"h": 840
		},
		"link": "http://item.meilishuo.com/h5/detail/1m6m0bc?acm=3.ms.0_4_1m6m0bc.0.13384-26167-69004.ni0a5r82Iu5ll.t_-sd_117-lc_1",
		"show": {
			"img": "http://s11.mogucdn.com/mlcdn/c45406/180729_00ga5gih02jefgh47248hk6h94bl4_640x960.jpg_320x999.jpg",
			"w": 320,
			"h": 416
		},
		"itemMarks": "1525 353 166 16 1990 82 181",
		"acm": "3.ms.0_4_1m6m0bc.0.13384-26167-69004.ni0a5r82Iu5ll.t_-sd_117-lc_1",
		"type": 2,
		"title": "长袖衬衫 格子 宽松 百搭 中长款 复古 新款 韩版",
		"orgPrice": "￥85.00",
		"props": ["长袖衬衫", "格子", "宽松", "百搭", "中长款", "复古", "新款", "韩版"],
		"lefttop_taglist": [],
		"sale": 6764,
		"price": "￥59.50",
		"cfav": 65,
		"leftbottom_taglist": [],
		"shopId": 105240
	}, {
		"itemType": 7,
		"ptpC": "_mb_mls_10057922_app-category_noab-noab",
		"titleTags": "毛呢哈伦裤;厚呢子;高腰;显瘦;大码;宽松;秋冬;新款",
		"clientUrl": "http://item.meilishuo.com/h5/detail/1m90ugg?acm=3.ms.2_1_1m90ugg.0.70867-26167-69004.ni0a5r82Iu5ll.sd_117-c_2_28_443599839_2042145_3_0-t_-c1_10057922_nil_nil_0_2042145_30_0-lc_28&cparam=MTU0MDk3NTU3OF8xZW83cnAyXzlkMTEzYTIwYmMzMGQ5OTQ3MGI2MTM1NTA0YWFmYWM5XzI4XzJfNDQzNTk5ODM5XzBfMjA0MjE0NV8zXzBfMjAzXzBfMA==",
		"iid": "1m90ugg",
		"showLarge": {
			"img": "http://s3.mogucdn.com/mlcdn/17f85e/180926_5ch5jckc5c6gi9c004jae8k80l3fe_640x960.jpg_560x999.jpg",
			"w": 560,
			"h": 840
		},
		"link": "http://item.meilishuo.com/h5/detail/1m90ugg?acm=3.ms.2_1_1m90ugg.0.70867-26167-69004.ni0a5r82Iu5ll.sd_117-c_2_28_443599839_2042145_3_0-t_-c1_10057922_nil_nil_0_2042145_30_0-lc_28&cparam=MTU0MDk3NTU3OF8xZW83cnAyXzlkMTEzYTIwYmMzMGQ5OTQ3MGI2MTM1NTA0YWFmYWM5XzI4XzJfNDQzNTk5ODM5XzBfMjA0MjE0NV8zXzBfMjAzXzBfMA==",
		"show": {
			"img": "http://s3.mogucdn.com/mlcdn/17f85e/180926_5ch5jckc5c6gi9c004jae8k80l3fe_640x960.jpg_320x999.jpg",
			"w": 320,
			"h": 416
		},
		"itemMarks": "1525 352 351",
		"acm": "3.ms.2_1_1m90ugg.0.70867-26167-69004.ni0a5r82Iu5ll.sd_117-c_2_28_443599839_2042145_3_0-t_-c1_10057922_nil_nil_0_2042145_30_0-lc_28",
		"type": 2,
		"title": "毛呢哈伦裤 厚呢子 高腰 显瘦 大码 宽松 秋冬 新款",
		"orgPrice": "￥80.00",
		"cparam": "MTU0MDk3NTU3OF8xZW83cnAyXzlkMTEzYTIwYmMzMGQ5OTQ3MGI2MTM1NTA0YWFmYWM5XzI4XzJfNDQzNTk5ODM5XzBfMjA0MjE0NV8zXzBfMjAzXzBfMA==",
		"props": ["毛呢哈伦裤", "厚呢子", "高腰", "显瘦", "大码", "宽松", "秋冬", "新款"],
		"lefttop_taglist": [],
		"sale": "1178",
		"price": "￥56.00",
		"cfav": "1820",
		"leftbottom_taglist": [],
		"shopId": "20857448"
	}, {
		"itemType": 7,
		"ptpC": "_mb_mls_10057922_app-category_noab-noab",
		"titleTags": "萝卜裤;九分;高腰;宽松;秋冬新款;鹿皮绒;加绒;韩版",
		"clientUrl": "http://item.meilishuo.com/h5/detail/1macl5m?acm=3.ms.2_1_1macl5m.0.70867-26167-69004.ni0a5r82Iu5ll.sd_117-c_2_28_457193634_473089527_4_0-t_-c1_10057922_nil_nil_1_473089527_32_0-lc_28&cparam=MTU0MDk3NTU3OF8xZjRlaHJ3XzcwZmY1MDQ1NGJjMWI0NmRhY2MwMGU1YmFiNTBlNDNiXzI4XzNfNDU3MTkzNjM0XzBfMF80XzBfOTI2XzBfMA==",
		"iid": "1macl5m",
		"showLarge": {
			"img": "http://s3.mogucdn.com/mlcdn/c45406/181024_73kbj82gaf01k6d03d303lh4ec0ha_640x960.jpg_560x999.jpg",
			"w": 560,
			"h": 840
		},
		"link": "http://item.meilishuo.com/h5/detail/1macl5m?acm=3.ms.2_1_1macl5m.0.70867-26167-69004.ni0a5r82Iu5ll.sd_117-c_2_28_457193634_473089527_4_0-t_-c1_10057922_nil_nil_1_473089527_32_0-lc_28&cparam=MTU0MDk3NTU3OF8xZjRlaHJ3XzcwZmY1MDQ1NGJjMWI0NmRhY2MwMGU1YmFiNTBlNDNiXzI4XzNfNDU3MTkzNjM0XzBfMF80XzBfOTI2XzBfMA==",
		"show": {
			"img": "http://s3.mogucdn.com/mlcdn/c45406/181024_73kbj82gaf01k6d03d303lh4ec0ha_640x960.jpg_320x999.jpg",
			"w": 320,
			"h": 416
		},
		"itemMarks": "352 166 16 351",
		"acm": "3.ms.2_1_1macl5m.0.70867-26167-69004.ni0a5r82Iu5ll.sd_117-c_2_28_457193634_473089527_4_0-t_-c1_10057922_nil_nil_1_473089527_32_0-lc_28",
		"type": 2,
		"title": "萝卜裤 九分 高腰 宽松 秋冬新款 鹿皮绒 加绒 韩版",
		"orgPrice": "￥95.00",
		"cparam": "MTU0MDk3NTU3OF8xZjRlaHJ3XzcwZmY1MDQ1NGJjMWI0NmRhY2MwMGU1YmFiNTBlNDNiXzI4XzNfNDU3MTkzNjM0XzBfMF80XzBfOTI2XzBfMA==",
		"props": ["萝卜裤", "九分", "高腰", "宽松", "秋冬新款", "鹿皮绒", "加绒", "韩版"],
		"lefttop_taglist": [],
		"sale": "26",
		"price": "￥66.00",
		"cfav": "36",
		"leftbottom_taglist": [],
		"shopId": "21537125"
	}, {
		"itemType": 7,
		"ptpC": "_mb_mls_10057922_app-category_noab-noab",
		"titleTags": "靴裤;阔腿;高腰;大码;宽松显瘦;修身;双面绒;新款;金丝绒;秋冬;韩版",
		"clientUrl": "http://item.meilishuo.com/h5/detail/1m9tj8e?acm=3.ms.2_1_1m9tj8e.0.70867-26167-69004.ni0a5r82Iu5ll.sd_117-c_2_28_452113629_470664074_5_0-t_-c1_10057922_nil_nil_1_470664074_30_0-lc_28&cparam=MTU0MDk3NTU3OF8xZXljcTllXzA2ODNlOGJlYWY4MTg0NzUyY2Q1M2RjNjFkZjU3NmU4XzI4XzRfNDUyMTEzNjI5XzBfMF81XzBfMjc2XzBfMA==",
		"iid": "1m9tj8e",
		"showLarge": {
			"img": "http://s3.mogucdn.com/mlcdn/c45406/181013_37ea191449i4ef32aih2a35k777l2_640x960.jpg_560x999.jpg",
			"w": 560,
			"h": 840
		},
		"link": "http://item.meilishuo.com/h5/detail/1m9tj8e?acm=3.ms.2_1_1m9tj8e.0.70867-26167-69004.ni0a5r82Iu5ll.sd_117-c_2_28_452113629_470664074_5_0-t_-c1_10057922_nil_nil_1_470664074_30_0-lc_28&cparam=MTU0MDk3NTU3OF8xZXljcTllXzA2ODNlOGJlYWY4MTg0NzUyY2Q1M2RjNjFkZjU3NmU4XzI4XzRfNDUyMTEzNjI5XzBfMF81XzBfMjc2XzBfMA==",
		"show": {
			"img": "http://s11.mogucdn.com/mlcdn/c45406/181013_37ea191449i4ef32aih2a35k777l2_640x960.jpg_320x999.jpg",
			"w": 320,
			"h": 416
		},
		"itemMarks": "352 351",
		"acm": "3.ms.2_1_1m9tj8e.0.70867-26167-69004.ni0a5r82Iu5ll.sd_117-c_2_28_452113629_470664074_5_0-t_-c1_10057922_nil_nil_1_470664074_30_0-lc_28",
		"type": 2,
		"title": "靴裤 阔腿 高腰 大码 宽松显瘦 修身 双面绒 新款 金丝绒 秋冬 韩版",
		"orgPrice": "￥99.98",
		"cparam": "MTU0MDk3NTU3OF8xZXljcTllXzA2ODNlOGJlYWY4MTg0NzUyY2Q1M2RjNjFkZjU3NmU4XzI4XzRfNDUyMTEzNjI5XzBfMF81XzBfMjc2XzBfMA==",
		"props": ["靴裤", "阔腿", "高腰", "大码", "宽松显瘦", "修身", "双面绒", "新款", "金丝绒", "秋冬", "韩版"],
		"lefttop_taglist": [],
		"sale": "81",
		"price": "￥69.98",
		"cfav": "75",
		"leftbottom_taglist": [],
		"shopId": "20495179"
	}, {
		"itemType": 7,
		"ptpC": "_mb_mls_10057922_app-category_noab-noab",
		"titleTags": "毛呢短裤;a字阔腿;高腰;显瘦;呢子;大码;宽松显瘦;打底;新款;秋冬",
		"clientUrl": "http://item.meilishuo.com/h5/detail/1m8wf6s?acm=3.ms.2_1_1m8wf6s.0.70867-26167-69004.ni0a5r82Iu5ll.sd_117-c_2_28_442591632_466588623_6_0-t_-c1_10057922_nil_nil_1_466588623_41_0-lc_28&cparam=MTU0MDk3NTU3OF8xZW4wanRrX2NhYjliM2Y5Y2EyZTQyYmY3MGRiMmRhNGVlNzg4MDU3XzI4XzVfNDQyNTkxNjMyXzBfMF82XzBfMjc2XzBfMA==",
		"iid": "1m8wf6s",
		"showLarge": {
			"img": "http://s11.mogucdn.com/mlcdn/c45406/180922_2df1gb4jbk6g6373e9hb0hibbedd6_640x960.jpg_560x999.jpg",
			"w": 560,
			"h": 840
		},
		"link": "http://item.meilishuo.com/h5/detail/1m8wf6s?acm=3.ms.2_1_1m8wf6s.0.70867-26167-69004.ni0a5r82Iu5ll.sd_117-c_2_28_442591632_466588623_6_0-t_-c1_10057922_nil_nil_1_466588623_41_0-lc_28&cparam=MTU0MDk3NTU3OF8xZW4wanRrX2NhYjliM2Y5Y2EyZTQyYmY3MGRiMmRhNGVlNzg4MDU3XzI4XzVfNDQyNTkxNjMyXzBfMF82XzBfMjc2XzBfMA==",
		"show": {
			"img": "http://s3.mogucdn.com/mlcdn/c45406/180922_2df1gb4jbk6g6373e9hb0hibbedd6_640x960.jpg_320x999.jpg",
			"w": 320,
			"h": 416
		},
		"itemMarks": "352 166 16 351",
		"acm": "3.ms.2_1_1m8wf6s.0.70867-26167-69004.ni0a5r82Iu5ll.sd_117-c_2_28_442591632_466588623_6_0-t_-c1_10057922_nil_nil_1_466588623_41_0-lc_28",
		"type": 2,
		"title": "毛呢短裤 a字阔腿 高腰 显瘦 呢子 大码 宽松显瘦 打底 新款 秋冬",
		"orgPrice": "￥71.41",
		"cparam": "MTU0MDk3NTU3OF8xZW4wanRrX2NhYjliM2Y5Y2EyZTQyYmY3MGRiMmRhNGVlNzg4MDU3XzI4XzVfNDQyNTkxNjMyXzBfMF82XzBfMjc2XzBfMA==",
		"props": ["毛呢短裤", "a字阔腿", "高腰", "显瘦", "呢子", "大码", "宽松显瘦", "打底", "新款", "秋冬"],
		"lefttop_taglist": [],
		"sale": "261",
		"price": "￥49.98",
		"cfav": "298",
		"leftbottom_taglist": [],
		"shopId": "20495179"
	}, {
		"itemType": 10,
		"ptpC": "_mb_mls_10057922_app-category_noab-noab",
		"titleTags": "时尚套装;格纹背心裙;斜纹;立体;秋季;新款",
		"clientUrl": "http://item.meilishuo.com/h5/detail/1m96w5q?acm=3.ms.0_4_1m96w5q.0.13384-26167-69004.ni0a5r82Iu5ll.t_-sd_117-lc_1",
		"iid": "1m96w5q",
		"showLarge": {
			"img": "http://s11.mogucdn.com/mlcdn/c45406/180929_3kiba9fibh8j63h3c02beff307664_832x1248.jpg_560x999.jpg",
			"w": 560,
			"h": 841
		},
		"link": "http://item.meilishuo.com/h5/detail/1m96w5q?acm=3.ms.0_4_1m96w5q.0.13384-26167-69004.ni0a5r82Iu5ll.t_-sd_117-lc_1",
		"show": {
			"img": "http://s11.mogucdn.com/mlcdn/c45406/180929_3kiba9fibh8j63h3c02beff307664_832x1248.jpg_320x999.jpg",
			"w": 320,
			"h": 416
		},
		"itemMarks": "-1",
		"acm": "3.ms.0_4_1m96w5q.0.13384-26167-69004.ni0a5r82Iu5ll.t_-sd_117-lc_1",
		"type": 2,
		"title": "时尚套装 格纹背心裙 斜纹 立体 秋季 新款",
		"orgPrice": "￥182.86",
		"props": ["时尚套装", "格纹背心裙", "斜纹", "立体", "秋季", "新款"],
		"lefttop_taglist": [],
		"sale": 24759,
		"price": "￥128.00",
		"cfav": 71,
		"leftbottom_taglist": [],
		"shopId": 1302421618
	}, {
		"itemType": 10,
		"ptpC": "_mb_mls_10057922_app-category_noab-noab",
		"titleTags": "时尚套装;高腰;气质;显瘦;长袖;圆领;女神范;宽松;秋季;新款;韩版",
		"clientUrl": "http://item.meilishuo.com/h5/detail/1m9uy8o?acm=3.ms.0_4_1m9uy8o.0.13384-26167-69004.ni0a5r82Iu5ll.t_-sd_117-lc_1",
		"iid": "1m9uy8o",
		"showLarge": {
			"img": "http://s11.mogucdn.com/mlcdn/c45406/181014_7b6bl434424jdgfce190i292lg0ak_640x844.jpg_560x999.jpg",
			"w": 560,
			"h": 739
		},
		"link": "http://item.meilishuo.com/h5/detail/1m9uy8o?acm=3.ms.0_4_1m9uy8o.0.13384-26167-69004.ni0a5r82Iu5ll.t_-sd_117-lc_1",
		"show": {
			"img": "http://s3.mogucdn.com/mlcdn/c45406/181014_7b6bl434424jdgfce190i292lg0ak_640x844.jpg_320x999.jpg",
			"w": 320,
			"h": 416
		},
		"itemMarks": "-1",
		"acm": "3.ms.0_4_1m9uy8o.0.13384-26167-69004.ni0a5r82Iu5ll.t_-sd_117-lc_1",
		"type": 2,
		"title": "时尚套装 高腰 气质 显瘦 长袖 圆领 女神范 宽松 秋季 新款 韩版",
		"orgPrice": "￥98.58",
		"props": ["时尚套装", "高腰", "气质", "显瘦", "长袖", "圆领", "女神范", "宽松", "秋季", "新款", "韩版"],
		"lefttop_taglist": [],
		"sale": 19993,
		"price": "￥69.00",
		"cfav": 406,
		"leftbottom_taglist": [],
		"shopId": 1302423963
	}, {
		"itemType": 7,
		"ptpC": "_mb_mls_10057922_app-category_noab-noab",
		"titleTags": "长袖修身t恤;百搭;半高领;新款;韩版",
		"clientUrl": "http://item.meilishuo.com/h5/detail/1m9ebra?acm=3.ms.2_1_1m9ebra.0.70867-26167-69004.ni0a5r82Iu5ll.sd_117-c_2_28_454730521_468661766_7_0-t_-c1_10057922_nil_nil_1_468661766_30_0-lc_28&cparam=MTU0MDk3NTU3OF8xZjFnd29hXzFjMTJiZjA3MGVkMGY0ZWM3ZWI2NTJkNzFiOTQ0NDI0XzI4XzZfNDU0NzMwNTIxXzBfMF83XzBfNjA1XzBfMA==",
		"iid": "1m9ebra",
		"showLarge": {
			"img": "http://s11.mogucdn.com/mlcdn/c45406/181004_08854e48f4gbfj4jccfbg55ab4a78_640x960.jpg_560x999.jpg",
			"w": 560,
			"h": 840
		},
		"link": "http://item.meilishuo.com/h5/detail/1m9ebra?acm=3.ms.2_1_1m9ebra.0.70867-26167-69004.ni0a5r82Iu5ll.sd_117-c_2_28_454730521_468661766_7_0-t_-c1_10057922_nil_nil_1_468661766_30_0-lc_28&cparam=MTU0MDk3NTU3OF8xZjFnd29hXzFjMTJiZjA3MGVkMGY0ZWM3ZWI2NTJkNzFiOTQ0NDI0XzI4XzZfNDU0NzMwNTIxXzBfMF83XzBfNjA1XzBfMA==",
		"show": {
			"img": "http://s11.mogucdn.com/mlcdn/c45406/181004_08854e48f4gbfj4jccfbg55ab4a78_640x960.jpg_320x999.jpg",
			"w": 320,
			"h": 416
		},
		"itemMarks": "1525 352 1558 1711 166 16 1232 82 351 1636",
		"acm": "3.ms.2_1_1m9ebra.0.70867-26167-69004.ni0a5r82Iu5ll.sd_117-c_2_28_454730521_468661766_7_0-t_-c1_10057922_nil_nil_1_468661766_30_0-lc_28",
		"type": 2,
		"title": "长袖修身t恤 百搭 半高领 新款 韩版",
		"orgPrice": "￥70.00",
		"cparam": "MTU0MDk3NTU3OF8xZjFnd29hXzFjMTJiZjA3MGVkMGY0ZWM3ZWI2NTJkNzFiOTQ0NDI0XzI4XzZfNDU0NzMwNTIxXzBfMF83XzBfNjA1XzBfMA==",
		"props": ["长袖修身t恤", "百搭", "半高领", "新款", "韩版"],
		"lefttop_taglist": [],
		"sale": "3222",
		"price": "￥49.00",
		"cfav": "2733",
		"leftbottom_taglist": [],
		"shopId": "22028207"
	}, {
		"itemType": 7,
		"ptpC": "_mb_mls_10057922_app-category_noab-noab",
		"titleTags": "条纹长袖t恤;黑白;宽松;百搭;春秋;高领;新款;韩版",
		"clientUrl": "http://item.meilishuo.com/h5/detail/1lqxuvu?acm=3.ms.2_1_1lqxuvu.0.70867-26167-69004.ni0a5r82Iu5ll.sd_117-c_2_28_437825990_393064634_8_0-t_-c1_10057922_nil_nil_1_393064634_36_0-lc_28&cparam=MTU0MDk3NTU3OF8xZWhjOWZvXzdjNDhhMjExMzc1NDBkNjNhMmMyYzdhN2Q5OGNmMDNlXzI4XzdfNDM3ODI1OTkwXzBfMF84XzBfMTY0XzBfMA==",
		"iid": "1lqxuvu",
		"showLarge": {
			"img": "http://s11.mogucdn.com/mlcdn/c45406/180126_1590h8l2gh4ih7i9013caj95f7e9k_640x960.jpg_560x999.jpg",
			"w": 560,
			"h": 840
		},
		"link": "http://item.meilishuo.com/h5/detail/1lqxuvu?acm=3.ms.2_1_1lqxuvu.0.70867-26167-69004.ni0a5r82Iu5ll.sd_117-c_2_28_437825990_393064634_8_0-t_-c1_10057922_nil_nil_1_393064634_36_0-lc_28&cparam=MTU0MDk3NTU3OF8xZWhjOWZvXzdjNDhhMjExMzc1NDBkNjNhMmMyYzdhN2Q5OGNmMDNlXzI4XzdfNDM3ODI1OTkwXzBfMF84XzBfMTY0XzBfMA==",
		"show": {
			"img": "http://s11.mogucdn.com/mlcdn/c45406/180126_1590h8l2gh4ih7i9013caj95f7e9k_640x960.jpg_320x999.jpg",
			"w": 320,
			"h": 416
		},
		"itemMarks": "1525 166 16",
		"acm": "3.ms.2_1_1lqxuvu.0.70867-26167-69004.ni0a5r82Iu5ll.sd_117-c_2_28_437825990_393064634_8_0-t_-c1_10057922_nil_nil_1_393064634_36_0-lc_28",
		"type": 2,
		"title": "条纹长袖t恤 黑白 宽松 百搭 春秋 高领 新款 韩版",
		"orgPrice": "￥42.84",
		"cparam": "MTU0MDk3NTU3OF8xZWhjOWZvXzdjNDhhMjExMzc1NDBkNjNhMmMyYzdhN2Q5OGNmMDNlXzI4XzdfNDM3ODI1OTkwXzBfMF84XzBfMTY0XzBfMA==",
		"props": ["条纹长袖t恤", "黑白", "宽松", "百搭", "春秋", "高领", "新款", "韩版"],
		"lefttop_taglist": [],
		"sale": "2929",
		"price": "￥29.98",
		"cfav": "7477",
		"leftbottom_taglist": [],
		"shopId": "20234338"
	}, {
		"itemType": 10,
		"ptpC": "_mb_mls_10057922_app-category_noab-noab",
		"titleTags": "时尚套装;高腰;显瘦;百搭;字母印花;秋季;新款;韩版",
		"clientUrl": "http://item.meilishuo.com/h5/detail/1m7np8i?acm=3.ms.0_4_1m7np8i.0.13384-26167-69004.ni0a5r82Iu5ll.t_-sd_117-lc_1",
		"iid": "1m7np8i",
		"showLarge": {
			"img": "http://s11.mogucdn.com/mlcdn/c45406/180825_8c4e8ii073gib42k019hicj3j5k41_640x960.jpg_560x999.jpg",
			"w": 560,
			"h": 840
		},
		"link": "http://item.meilishuo.com/h5/detail/1m7np8i?acm=3.ms.0_4_1m7np8i.0.13384-26167-69004.ni0a5r82Iu5ll.t_-sd_117-lc_1",
		"show": {
			"img": "http://s3.mogucdn.com/mlcdn/c45406/180825_8c4e8ii073gib42k019hicj3j5k41_640x960.jpg_320x999.jpg",
			"w": 320,
			"h": 416
		},
		"itemMarks": "166 16 82",
		"acm": "3.ms.0_4_1m7np8i.0.13384-26167-69004.ni0a5r82Iu5ll.t_-sd_117-lc_1",
		"type": 2,
		"title": "时尚套装 高腰 显瘦 百搭 字母印花 秋季 新款 韩版",
		"orgPrice": "￥98.58",
		"props": ["时尚套装", "高腰", "显瘦", "百搭", "字母印花", "秋季", "新款", "韩版"],
		"lefttop_taglist": [],
		"sale": 2743,
		"price": "￥69.00",
		"cfav": 20,
		"leftbottom_taglist": [],
		"shopId": 21935891
	}, {
		"itemType": 10,
		"ptpC": "_mb_mls_10057922_app-category_noab-noab",
		"titleTags": "时尚套装;新款;韩版",
		"clientUrl": "http://item.meilishuo.com/h5/detail/1ma3hwm?acm=3.ms.0_4_1ma3hwm.0.13384-26167-69004.ni0a5r82Iu5ll.t_-sd_117-lc_1",
		"iid": "1ma3hwm",
		"showLarge": {
			"img": "http://s11.mogucdn.com/mlcdn/c45406/181019_2dk41ha8gbg2beahf244i362275jc_800x1200.jpg_560x999.jpg",
			"w": 560,
			"h": 840
		},
		"link": "http://item.meilishuo.com/h5/detail/1ma3hwm?acm=3.ms.0_4_1ma3hwm.0.13384-26167-69004.ni0a5r82Iu5ll.t_-sd_117-lc_1",
		"show": {
			"img": "http://s11.mogucdn.com/mlcdn/c45406/181019_2dk41ha8gbg2beahf244i362275jc_800x1200.jpg_320x999.jpg",
			"w": 320,
			"h": 416
		},
		"itemMarks": "-1",
		"acm": "3.ms.0_4_1ma3hwm.0.13384-26167-69004.ni0a5r82Iu5ll.t_-sd_117-lc_1",
		"type": 2,
		"title": "时尚套装 新款 韩版",
		"orgPrice": "￥127.15",
		"props": ["时尚套装", "新款", "韩版"],
		"lefttop_taglist": [],
		"sale": 19808,
		"price": "￥89.00",
		"cfav": 114,
		"leftbottom_taglist": [],
		"shopId": 1302421618
	}, {
		"itemType": 7,
		"ptpC": "_mb_mls_10057922_app-category_noab-noab",
		"titleTags": "白色小衫;纯棉;宽松;新款",
		"clientUrl": "http://item.meilishuo.com/h5/detail/1m8265i?acm=3.ms.2_1_1m8265i.0.70867-26167-69004.ni0a5r82Iu5ll.sd_117-c_2_28_444623009_462648038_9_0-t_-c1_10057922_nil_nil_1_462648038_46_0-lc_28&cparam=MTU0MDk3NTU3OF8xZXBmbW51X2MyNWFhNjRjMDI1MmY5N2RlMGY3YzhjNzg5NTZmZWE0XzI4XzhfNDQ0NjIzMDA5XzBfMF85XzBfOTgxXzBfMA==",
		"iid": "1m8265i",
		"showLarge": {
			"img": "http://s11.mogucdn.com/mlcdn/55cf19/180902_1lh99l9gkc2eifba5k83d4geddg00_640x960.jpg_560x999.jpg",
			"w": 560,
			"h": 840
		},
		"link": "http://item.meilishuo.com/h5/detail/1m8265i?acm=3.ms.2_1_1m8265i.0.70867-26167-69004.ni0a5r82Iu5ll.sd_117-c_2_28_444623009_462648038_9_0-t_-c1_10057922_nil_nil_1_462648038_46_0-lc_28&cparam=MTU0MDk3NTU3OF8xZXBmbW51X2MyNWFhNjRjMDI1MmY5N2RlMGY3YzhjNzg5NTZmZWE0XzI4XzhfNDQ0NjIzMDA5XzBfMF85XzBfOTgxXzBfMA==",
		"show": {
			"img": "http://s3.mogucdn.com/mlcdn/55cf19/180902_1lh99l9gkc2eifba5k83d4geddg00_640x960.jpg_320x999.jpg",
			"w": 320,
			"h": 416
		},
		"itemMarks": "1525 352 351",
		"acm": "3.ms.2_1_1m8265i.0.70867-26167-69004.ni0a5r82Iu5ll.sd_117-c_2_28_444623009_462648038_9_0-t_-c1_10057922_nil_nil_1_462648038_46_0-lc_28",
		"type": 2,
		"title": "白色小衫 纯棉 宽松 新款",
		"orgPrice": "￥68.00",
		"cparam": "MTU0MDk3NTU3OF8xZXBmbW51X2MyNWFhNjRjMDI1MmY5N2RlMGY3YzhjNzg5NTZmZWE0XzI4XzhfNDQ0NjIzMDA5XzBfMF85XzBfOTgxXzBfMA==",
		"props": ["白色小衫", "纯棉", "宽松", "新款"],
		"lefttop_taglist": [],
		"sale": "1760",
		"price": "￥68.00",
		"cfav": "2348",
		"leftbottom_taglist": [],
		"shopId": "1302414647"
	}, {
		"itemType": 7,
		"ptpC": "_mb_mls_10057922_app-category_noab-noab",
		"titleTags": "宽松t恤;圆领纯棉;白色;长袖;秋冬;新款;韩版",
		"clientUrl": "http://item.meilishuo.com/h5/detail/1lryj2m?acm=3.ms.2_1_1lryj2m.0.70867-26167-69004.ni0a5r82Iu5ll.sd_117-c_2_28_449647631_396696486_10_0-t_-c1_10057922_nil_nil_1_396696486_30_0-lc_28&cparam=MTU0MDk3NTU3OF8xZXZmMHBpX2RiNGI0ODcxYjg2NWNjNmJlNGY4MTUxOGY5MjkyZGY5XzI4XzlfNDQ5NjQ3NjMxXzBfMF8xMF8wXzI1M18wXzA=",
		"iid": "1lryj2m",
		"showLarge": {
			"img": "http://s11.mogucdn.com/mlcdn/c45406/180228_8gh5a7ghkj9c7hlcgfkc8hj885614_640x960.jpg_560x999.jpg",
			"w": 560,
			"h": 840
		},
		"link": "http://item.meilishuo.com/h5/detail/1lryj2m?acm=3.ms.2_1_1lryj2m.0.70867-26167-69004.ni0a5r82Iu5ll.sd_117-c_2_28_449647631_396696486_10_0-t_-c1_10057922_nil_nil_1_396696486_30_0-lc_28&cparam=MTU0MDk3NTU3OF8xZXZmMHBpX2RiNGI0ODcxYjg2NWNjNmJlNGY4MTUxOGY5MjkyZGY5XzI4XzlfNDQ5NjQ3NjMxXzBfMF8xMF8wXzI1M18wXzA=",
		"show": {
			"img": "http://s11.mogucdn.com/mlcdn/c45406/180228_8gh5a7ghkj9c7hlcgfkc8hj885614_640x960.jpg_320x999.jpg",
			"w": 320,
			"h": 416
		},
		"itemMarks": "1525 352 166 16 1232 82 351",
		"acm": "3.ms.2_1_1lryj2m.0.70867-26167-69004.ni0a5r82Iu5ll.sd_117-c_2_28_449647631_396696486_10_0-t_-c1_10057922_nil_nil_1_396696486_30_0-lc_28",
		"type": 2,
		"title": "宽松t恤 圆领纯棉 白色 长袖 秋冬 新款 韩版",
		"orgPrice": "￥55.72",
		"cparam": "MTU0MDk3NTU3OF8xZXZmMHBpX2RiNGI0ODcxYjg2NWNjNmJlNGY4MTUxOGY5MjkyZGY5XzI4XzlfNDQ5NjQ3NjMxXzBfMF8xMF8wXzI1M18wXzA=",
		"props": ["宽松t恤", "圆领纯棉", "白色", "长袖", "秋冬", "新款", "韩版"],
		"lefttop_taglist": [],
		"sale": "5748",
		"price": "￥39.00",
		"cfav": "12845",
		"leftbottom_taglist": [],
		"shopId": "22051955"
	}, {
		"itemType": 7,
		"ptpC": "_mb_mls_10057922_app-category_noab-noab",
		"titleTags": "网纱半身裙;时尚;内搭;秋冬季;中长款;新款",
		"clientUrl": "http://item.meilishuo.com/h5/detail/1m9e3co?acm=3.ms.2_1_1m9e3co.0.70867-26167-69004.ni0a5r82Iu5ll.sd_117-c_2_28_452139331_2050131_11_0-t_-c1_10057922_nil_nil_0_2050131_30_0-lc_28&cparam=MTU0MDk3NTU3OF8xZXlkdHhhXzFlZDVlOGVhM2Y1YmQzZTlkNTZkYjg1OTA1M2E2NmZkXzI4XzEwXzQ1MjEzOTMzMV8wXzIwNTAxMzFfMTFfMF83MzZfMF8w",
		"iid": "1m9e3co",
		"showLarge": {
			"img": "http://s11.mogucdn.com/mlcdn/17f85e/181017_6a6l3e05k12ck67a9jabh1fck3099_640x960.jpg_560x999.jpg",
			"w": 560,
			"h": 840
		},
		"link": "http://item.meilishuo.com/h5/detail/1m9e3co?acm=3.ms.2_1_1m9e3co.0.70867-26167-69004.ni0a5r82Iu5ll.sd_117-c_2_28_452139331_2050131_11_0-t_-c1_10057922_nil_nil_0_2050131_30_0-lc_28&cparam=MTU0MDk3NTU3OF8xZXlkdHhhXzFlZDVlOGVhM2Y1YmQzZTlkNTZkYjg1OTA1M2E2NmZkXzI4XzEwXzQ1MjEzOTMzMV8wXzIwNTAxMzFfMTFfMF83MzZfMF8w",
		"show": {
			"img": "http://s3.mogucdn.com/mlcdn/17f85e/181017_6a6l3e05k12ck67a9jabh1fck3099_640x960.jpg_320x999.jpg",
			"w": 320,
			"h": 416
		},
		"itemMarks": "1525 352 1558 166 16 351",
		"acm": "3.ms.2_1_1m9e3co.0.70867-26167-69004.ni0a5r82Iu5ll.sd_117-c_2_28_452139331_2050131_11_0-t_-c1_10057922_nil_nil_0_2050131_30_0-lc_28",
		"type": 2,
		"title": "网纱半身裙 时尚 内搭 秋冬季 中长款 新款",
		"orgPrice": "￥142.00",
		"cparam": "MTU0MDk3NTU3OF8xZXlkdHhhXzFlZDVlOGVhM2Y1YmQzZTlkNTZkYjg1OTA1M2E2NmZkXzI4XzEwXzQ1MjEzOTMzMV8wXzIwNTAxMzFfMTFfMF83MzZfMF8w",
		"props": ["网纱半身裙", "时尚", "内搭", "秋冬季", "中长款", "新款"],
		"lefttop_taglist": [],
		"sale": "574",
		"price": "￥99.40",
		"cfav": "3639",
		"leftbottom_taglist": [],
		"shopId": "434834"
	}, {
		"itemType": 7,
		"ptpC": "_mb_mls_10057922_app-category_noab-noab",
		"titleTags": "长袖衬衣;韩范;心机;设计感;港风;新款",
		"clientUrl": "http://item.meilishuo.com/h5/detail/1m6sfnc?acm=3.ms.2_1_1m6sfnc.0.70867-26167-69004.ni0a5r82Iu5ll.sd_117-c_2_28_458181620_1278873740_12_0-t_-c1_10057922_nil_nil_2_1278873740_30_0-lc_28&cparam=MTU0MDk3NTU3OF8xZjVrdWcwX2IzZDAzMjU1MTMwNzhiMjcwMjI1NmRkMDExYzFlYjYzXzI4XzExXzQ1ODE4MTYyMF8wXzBfMTJfMF83NDlfMF8w",
		"iid": "1m6sfnc",
		"showLarge": {
			"img": "http://s11.mogucdn.com/mlcdn/c45406/180803_17219hlabhdaf2a9c7clcb5fk80ae_640x960.jpg_560x999.jpg",
			"w": 560,
			"h": 840
		},
		"link": "http://item.meilishuo.com/h5/detail/1m6sfnc?acm=3.ms.2_1_1m6sfnc.0.70867-26167-69004.ni0a5r82Iu5ll.sd_117-c_2_28_458181620_1278873740_12_0-t_-c1_10057922_nil_nil_2_1278873740_30_0-lc_28&cparam=MTU0MDk3NTU3OF8xZjVrdWcwX2IzZDAzMjU1MTMwNzhiMjcwMjI1NmRkMDExYzFlYjYzXzI4XzExXzQ1ODE4MTYyMF8wXzBfMTJfMF83NDlfMF8w",
		"show": {
			"img": "http://s11.mogucdn.com/mlcdn/c45406/180803_17219hlabhdaf2a9c7clcb5fk80ae_640x960.jpg_320x999.jpg",
			"w": 320,
			"h": 416
		},
		"itemMarks": "166 16",
		"acm": "3.ms.2_1_1m6sfnc.0.70867-26167-69004.ni0a5r82Iu5ll.sd_117-c_2_28_458181620_1278873740_12_0-t_-c1_10057922_nil_nil_2_1278873740_30_0-lc_28",
		"type": 2,
		"title": "长袖衬衣 韩范 心机 设计感 港风 新款",
		"orgPrice": "￥92.86",
		"cparam": "MTU0MDk3NTU3OF8xZjVrdWcwX2IzZDAzMjU1MTMwNzhiMjcwMjI1NmRkMDExYzFlYjYzXzI4XzExXzQ1ODE4MTYyMF8wXzBfMTJfMF83NDlfMF8w",
		"props": ["长袖衬衣", "韩范", "心机", "设计感", "港风", "新款"],
		"lefttop_taglist": [],
		"sale": "900",
		"price": "￥92.86",
		"cfav": "916",
		"leftbottom_taglist": [],
		"shopId": "1302408052"
	}, {
		"itemType": 10,
		"ptpC": "_mb_mls_10057922_app-category_noab-noab",
		"titleTags": "时尚套装;灯笼袖;开叉;中长款;新款",
		"clientUrl": "http://item.meilishuo.com/h5/detail/1m7b8ty?acm=3.ms.0_4_1m7b8ty.0.13384-26167-69004.ni0a5r82Iu5ll.t_-sd_117-lc_1",
		"iid": "1m7b8ty",
		"showLarge": {
			"img": "http://s11.mogucdn.com/mlcdn/c45406/180816_136f5jikedk3i7a1ib98jek11j88f_647x960.jpg_560x999.jpg",
			"w": 560,
			"h": 831
		},
		"link": "http://item.meilishuo.com/h5/detail/1m7b8ty?acm=3.ms.0_4_1m7b8ty.0.13384-26167-69004.ni0a5r82Iu5ll.t_-sd_117-lc_1",
		"show": {
			"img": "http://s3.mogucdn.com/mlcdn/c45406/180816_136f5jikedk3i7a1ib98jek11j88f_647x960.jpg_320x999.jpg",
			"w": 320,
			"h": 416
		},
		"itemMarks": "166 16 82",
		"acm": "3.ms.0_4_1m7b8ty.0.13384-26167-69004.ni0a5r82Iu5ll.t_-sd_117-lc_1",
		"type": 2,
		"title": "时尚套装 灯笼袖 开叉 中长款 新款",
		"orgPrice": "￥98.58",
		"props": ["时尚套装", "灯笼袖", "开叉", "中长款", "新款"],
		"lefttop_taglist": [],
		"sale": 3177,
		"price": "￥69.00",
		"cfav": 303,
		"leftbottom_taglist": [],
		"shopId": 111658
	}, {
		"itemType": 10,
		"ptpC": "_mb_mls_10057922_app-category_noab-noab",
		"titleTags": "时尚套装;洋气;宽松;复古;秋季;新款",
		"clientUrl": "http://item.meilishuo.com/h5/detail/1m85vr2?acm=3.ms.0_4_1m85vr2.0.13384-26167-69004.ni0a5r82Iu5ll.t_-sd_117-lc_1",
		"iid": "1m85vr2",
		"showLarge": {
			"img": "http://s3.mogucdn.com/mlcdn/c45406/180904_2hd7200gb3ek29478jhkf835cel0j_640x960.jpg_560x999.jpg",
			"w": 560,
			"h": 840
		},
		"link": "http://item.meilishuo.com/h5/detail/1m85vr2?acm=3.ms.0_4_1m85vr2.0.13384-26167-69004.ni0a5r82Iu5ll.t_-sd_117-lc_1",
		"show": {
			"img": "http://s11.mogucdn.com/mlcdn/c45406/180904_2hd7200gb3ek29478jhkf835cel0j_640x960.jpg_320x999.jpg",
			"w": 320,
			"h": 416
		},
		"itemMarks": "1525",
		"acm": "3.ms.0_4_1m85vr2.0.13384-26167-69004.ni0a5r82Iu5ll.t_-sd_117-lc_1",
		"type": 2,
		"title": "时尚套装 洋气 宽松 复古 秋季 新款",
		"orgPrice": "￥198.00",
		"props": ["时尚套装", "洋气", "宽松", "复古", "秋季", "新款"],
		"lefttop_taglist": [],
		"sale": 2637,
		"price": "￥99.00",
		"cfav": 41,
		"leftbottom_taglist": [],
		"shopId": 21165800
	}, {
		"itemType": 7,
		"ptpC": "_mb_mls_10057922_app-category_noab-noab",
		"titleTags": "抽绳小脚裤;宽松;加厚;秋冬;新款",
		"clientUrl": "http://item.meilishuo.com/h5/detail/1ma7adk?acm=3.ms.2_1_1ma7adk.0.70867-26167-69004.ni0a5r82Iu5ll.sd_117-c_2_28_455371759_472412708_13_0-t_-c1_10057922_nil_nil_1_472412708_39_0-lc_28&cparam=MTU0MDk3NTU3OF8xZjI4ZThtXzk0MzQ0MWYzNDU4YWNmNTIyMGM5YWU1ZjU2YjhiZjkzXzI4XzEyXzQ1NTM3MTc1OV8wXzBfMTNfMF80XzBfMA==",
		"iid": "1ma7adk",
		"showLarge": {
			"img": "http://s3.mogucdn.com/mlcdn/c45406/181021_2l1h32cf2ak755b96ad017fhdjb8g_800x1200.jpg_560x999.jpg",
			"w": 560,
			"h": 840
		},
		"link": "http://item.meilishuo.com/h5/detail/1ma7adk?acm=3.ms.2_1_1ma7adk.0.70867-26167-69004.ni0a5r82Iu5ll.sd_117-c_2_28_455371759_472412708_13_0-t_-c1_10057922_nil_nil_1_472412708_39_0-lc_28&cparam=MTU0MDk3NTU3OF8xZjI4ZThtXzk0MzQ0MWYzNDU4YWNmNTIyMGM5YWU1ZjU2YjhiZjkzXzI4XzEyXzQ1NTM3MTc1OV8wXzBfMTNfMF80XzBfMA==",
		"show": {
			"img": "http://s3.mogucdn.com/mlcdn/c45406/181021_2l1h32cf2ak755b96ad017fhdjb8g_800x1200.jpg_320x999.jpg",
			"w": 320,
			"h": 416
		},
		"itemMarks": "166 16",
		"acm": "3.ms.2_1_1ma7adk.0.70867-26167-69004.ni0a5r82Iu5ll.sd_117-c_2_28_455371759_472412708_13_0-t_-c1_10057922_nil_nil_1_472412708_39_0-lc_28",
		"type": 2,
		"title": "抽绳小脚裤 宽松 加厚 秋冬 新款",
		"orgPrice": "￥71.42",
		"cparam": "MTU0MDk3NTU3OF8xZjI4ZThtXzk0MzQ0MWYzNDU4YWNmNTIyMGM5YWU1ZjU2YjhiZjkzXzI4XzEyXzQ1NTM3MTc1OV8wXzBfMTNfMF80XzBfMA==",
		"props": ["抽绳小脚裤", "宽松", "加厚", "秋冬", "新款"],
		"lefttop_taglist": [],
		"sale": "1",
		"price": "￥49.99",
		"cfav": "4",
		"leftbottom_taglist": [],
		"shopId": "20448467"
	}, {
		"itemType": 7,
		"ptpC": "_mb_mls_10057922_app-category_noab-noab",
		"titleTags": "紧身上衣;棉质;纯色;长袖;半高领;新款;韩版",
		"clientUrl": "http://item.meilishuo.com/h5/detail/1m958ck?acm=3.ms.2_1_1m958ck.0.70867-26167-69004.ni0a5r82Iu5ll.sd_117-c_2_28_446788782_2052082_14_0-t_-c1_10057922_nil_nil_0_2052082_30_0-lc_28&cparam=MTU0MDk3NTU3OF8xZXMwZ3drXzJjMDNiNjRiNWM1YjBjN2M2YmExOGNkYTdiNjZkZjdlXzI4XzEzXzQ0Njc4ODc4Ml8wXzIwNTIwODJfMTRfMF8zMzhfMF8w",
		"iid": "1m958ck",
		"showLarge": {
			"img": "http://s3.mogucdn.com/mlcdn/17f85e/181004_722ghk598a68c1fd6c18l75716a4j_640x960.jpg_560x999.jpg",
			"w": 560,
			"h": 840
		},
		"link": "http://item.meilishuo.com/h5/detail/1m958ck?acm=3.ms.2_1_1m958ck.0.70867-26167-69004.ni0a5r82Iu5ll.sd_117-c_2_28_446788782_2052082_14_0-t_-c1_10057922_nil_nil_0_2052082_30_0-lc_28&cparam=MTU0MDk3NTU3OF8xZXMwZ3drXzJjMDNiNjRiNWM1YjBjN2M2YmExOGNkYTdiNjZkZjdlXzI4XzEzXzQ0Njc4ODc4Ml8wXzIwNTIwODJfMTRfMF8zMzhfMF8w",
		"show": {
			"img": "http://s11.mogucdn.com/mlcdn/17f85e/181004_722ghk598a68c1fd6c18l75716a4j_640x960.jpg_320x999.jpg",
			"w": 320,
			"h": 416
		},
		"itemMarks": "1525 352 82 351",
		"acm": "3.ms.2_1_1m958ck.0.70867-26167-69004.ni0a5r82Iu5ll.sd_117-c_2_28_446788782_2052082_14_0-t_-c1_10057922_nil_nil_0_2052082_30_0-lc_28",
		"type": 2,
		"title": "紧身上衣 棉质 纯色 长袖 半高领 新款 韩版",
		"orgPrice": "￥72.86",
		"cparam": "MTU0MDk3NTU3OF8xZXMwZ3drXzJjMDNiNjRiNWM1YjBjN2M2YmExOGNkYTdiNjZkZjdlXzI4XzEzXzQ0Njc4ODc4Ml8wXzIwNTIwODJfMTRfMF8zMzhfMF8w",
		"props": ["紧身上衣", "棉质", "纯色", "长袖", "半高领", "新款", "韩版"],
		"lefttop_taglist": [],
		"sale": "599",
		"price": "￥51.00",
		"cfav": "978",
		"leftbottom_taglist": [],
		"shopId": "20843659"
	}, {
		"itemType": 10,
		"ptpC": "_mb_mls_10057922_app-category_noab-noab",
		"titleTags": "毛衣连衣裙;灯笼袖;中长款;宽松;甜美可爱;粉色;新款",
		"clientUrl": "http://item.meilishuo.com/h5/detail/1m9ygpy?acm=3.ms.0_4_1m9ygpy.0.13384-26167-69004.ni0a5r82Iu5ll.t_-sd_117-lc_1",
		"iid": "1m9ygpy",
		"showLarge": {
			"img": "http://s3.mogucdn.com/mlcdn/c45406/181016_5ged26dgl5ki7hd7e6bdlhb6bad9h_750x1000.jpg_560x999.jpg",
			"w": 560,
			"h": 747
		},
		"link": "http://item.meilishuo.com/h5/detail/1m9ygpy?acm=3.ms.0_4_1m9ygpy.0.13384-26167-69004.ni0a5r82Iu5ll.t_-sd_117-lc_1",
		"show": {
			"img": "http://s11.mogucdn.com/mlcdn/c45406/181016_5ged26dgl5ki7hd7e6bdlhb6bad9h_750x1000.jpg_320x999.jpg",
			"w": 320,
			"h": 416
		},
		"itemMarks": "-1",
		"acm": "3.ms.0_4_1m9ygpy.0.13384-26167-69004.ni0a5r82Iu5ll.t_-sd_117-lc_1",
		"type": 2,
		"title": "毛衣连衣裙 灯笼袖 中长款 宽松 甜美可爱 粉色 新款",
		"orgPrice": "￥169.00",
		"props": ["毛衣连衣裙", "灯笼袖", "中长款", "宽松", "甜美可爱", "粉色", "新款"],
		"lefttop_taglist": [],
		"sale": 16555,
		"price": "￥89.00",
		"cfav": 195,
		"leftbottom_taglist": [],
		"shopId": 1302423963
	}, {
		"itemType": 10,
		"ptpC": "_mb_mls_10057922_app-category_noab-noab",
		"titleTags": "时尚套装;套装两件套;格子;柔美;秋冬新款;英伦风",
		"clientUrl": "http://item.meilishuo.com/h5/detail/1m9nj6i?acm=3.ms.0_4_1m9nj6i.0.13384-26167-69004.ni0a5r82Iu5ll.t_-sd_117-lc_1",
		"iid": "1m9nj6i",
		"showLarge": {
			"img": "http://s11.mogucdn.com/mlcdn/c45406/181011_1i29a46b33bl7id7d48g07902fjli_640x914.jpg_560x999.jpg",
			"w": 560,
			"h": 800
		},
		"link": "http://item.meilishuo.com/h5/detail/1m9nj6i?acm=3.ms.0_4_1m9nj6i.0.13384-26167-69004.ni0a5r82Iu5ll.t_-sd_117-lc_1",
		"show": {
			"img": "http://s11.mogucdn.com/mlcdn/c45406/181011_1i29a46b33bl7id7d48g07902fjli_640x914.jpg_320x999.jpg",
			"w": 320,
			"h": 416
		},
		"itemMarks": "-1",
		"acm": "3.ms.0_4_1m9nj6i.0.13384-26167-69004.ni0a5r82Iu5ll.t_-sd_117-lc_1",
		"type": 2,
		"title": "时尚套装 套装两件套 格子 柔美 秋冬新款 英伦风",
		"orgPrice": "￥225.72",
		"props": ["时尚套装", "套装两件套", "格子", "柔美", "秋冬新款", "英伦风"],
		"lefttop_taglist": [],
		"sale": 14878,
		"price": "￥158.00",
		"cfav": 180,
		"leftbottom_taglist": [],
		"shopId": 1302421618
	}, {
		"itemType": 7,
		"ptpC": "_mb_mls_10057922_app-category_noab-noab",
		"titleTags": "白色长袖t恤;字母印花;宽松;百搭;秋冬新款;撕边;长款;韩版",
		"clientUrl": "http://item.meilishuo.com/h5/detail/1m95ing?acm=3.ms.2_1_1m95ing.0.70867-26167-69004.ni0a5r82Iu5ll.sd_117-c_2_28_445463122_0_15_0-t_-c1_10057922_nil_nil_0_0_42_0-lc_28&cparam=MTU0MDk3NTU3OF8xZXFmbjRzXzBkOWQxMzc4ZTM2YjlmOWFlOTg3YTA4ZDY4MDQzZjBmXzI4XzE0XzQ0NTQ2MzEyMl8wXzBfMTVfMF85ODFfMF8w",
		"iid": "1m95ing",
		"showLarge": {
			"img": "http://s11.mogucdn.com/mlcdn/55cf19/180928_2dh3bjk7laaie5fe806dj5c0ig51f_641x641.jpg_560x999.jpg",
			"w": 560,
			"h": 560
		},
		"link": "http://item.meilishuo.com/h5/detail/1m95ing?acm=3.ms.2_1_1m95ing.0.70867-26167-69004.ni0a5r82Iu5ll.sd_117-c_2_28_445463122_0_15_0-t_-c1_10057922_nil_nil_0_0_42_0-lc_28&cparam=MTU0MDk3NTU3OF8xZXFmbjRzXzBkOWQxMzc4ZTM2YjlmOWFlOTg3YTA4ZDY4MDQzZjBmXzI4XzE0XzQ0NTQ2MzEyMl8wXzBfMTVfMF85ODFfMF8w",
		"show": {
			"img": "http://s3.mogucdn.com/mlcdn/55cf19/180928_2dh3bjk7laaie5fe806dj5c0ig51f_641x641.jpg_320x999.jpg",
			"w": 320,
			"h": 416
		},
		"itemMarks": "1525 352 1558 166 16 351",
		"acm": "3.ms.2_1_1m95ing.0.70867-26167-69004.ni0a5r82Iu5ll.sd_117-c_2_28_445463122_0_15_0-t_-c1_10057922_nil_nil_0_0_42_0-lc_28",
		"type": 2,
		"title": "白色长袖t恤 字母印花 宽松 百搭 秋冬新款 撕边 长款 韩版",
		"orgPrice": "￥88.00",
		"cparam": "MTU0MDk3NTU3OF8xZXFmbjRzXzBkOWQxMzc4ZTM2YjlmOWFlOTg3YTA4ZDY4MDQzZjBmXzI4XzE0XzQ0NTQ2MzEyMl8wXzBfMTVfMF85ODFfMF8w",
		"props": ["白色长袖t恤", "字母印花", "宽松", "百搭", "秋冬新款", "撕边", "长款", "韩版"],
		"lefttop_taglist": [],
		"sale": "400",
		"price": "￥88.00",
		"cfav": "421",
		"leftbottom_taglist": [],
		"shopId": "1302414647"
	}]
}