 {
    "code": 0,
    "data": {
        "rows": [{
            "signGoodsId": "1mamgfe",
            "title": "时尚套装 格纹 高腰 拼色 百搭 个性 套头 秋季 新款 韩版",
            "description": "时尚套装 格纹 高腰 拼色 百搭 个性 套头 秋季 新款 韩版",
            "image": "http://s3.mogucdn.com/mlcdn/55cf19/181030_7c7i5556c0gdibd7djh17g8552bb6_640x960.jpg",
            "price": "91.50",
            "discountPrice": "64.05",
            "h5GoodUrl": "http://item.meilishuo.com/h5/detail/1mamgfe?acm=3.ms.0_4_1mamgfe.0.13385-69004.ni0a4r82DPhbf.t_-sd_117-lc_1",
            "pcGoodUrl": "http://item.meilishuo.com/detail/1mamgfe?acm=3.ms.0_4_1mamgfe.0.13385-69004.ni0a4r82DPhbf.t_-sd_117-lc_1",
            "wapGoodUrl": "http://m.meilishuo.com/wap/detail/1mamgfe?acm=3.ms.0_4_1mamgfe.0.13385-69004.ni0a4r82DPhbf.t_-sd_117-lc_1",
            "collectNum": 1,
            "isShelf": 0,
            "isDeleted": 0,
            "stock": 1000,
            "saleNum": 22140,
            "dayCollectNum": null,
            "daySaleNum": null,
            "goodsStatus": null,
            "itemMarks": "-1",
            "marksUrl": null,
            "marks": null,
            "tagUrl": {},
            "isFaved": false,
            "acm": "3.ms.0_4_1mamgfe.0.13385-69004.ni0a4r82DPhbf.t_-sd_117-lc_1",
            "props": ["时尚套装", "格纹", "高腰", "拼色", "百搭", "个性", "套头", "秋季", "新款", "韩版"]
        }, {
            "signGoodsId": "1ma0gqq",
            "title": "时尚套装 网纱半身裙 时尚 内搭 秋冬季 中长款 新款",
            "description": "时尚套装 网纱半身裙 时尚 内搭 秋冬季 中长款 新款",
            "image": "http://s3.mogucdn.com/mlcdn/c45406/181017_6je8c01lbcg0abf3i1k6c1fh87205_640x919.jpg",
            "price": "269.00",
            "discountPrice": "99.00",
            "h5GoodUrl": "http://item.meilishuo.com/h5/detail/1ma0gqq?acm=3.ms.0_4_1ma0gqq.0.13385-69004.ni0a4r82DPhbf.t_-sd_117-lc_1",
            "pcGoodUrl": "http://item.meilishuo.com/detail/1ma0gqq?acm=3.ms.0_4_1ma0gqq.0.13385-69004.ni0a4r82DPhbf.t_-sd_117-lc_1",
            "wapGoodUrl": "http://m.meilishuo.com/wap/detail/1ma0gqq?acm=3.ms.0_4_1ma0gqq.0.13385-69004.ni0a4r82DPhbf.t_-sd_117-lc_1",
            "collectNum": 259,
            "isShelf": 0,
            "isDeleted": 0,
            "stock": 1000,
            "saleNum": 21762,
            "dayCollectNum": null,
            "daySaleNum": null,
            "goodsStatus": null,
            "itemMarks": "-1",
            "marksUrl": null,
            "marks": null,
            "tagUrl": {},
            "isFaved": false,
            "acm": "3.ms.0_4_1ma0gqq.0.13385-69004.ni0a4r82DPhbf.t_-sd_117-lc_1",
            "props": ["时尚套装", "网纱半身裙", "时尚", "内搭", "秋冬季", "中长款", "新款"]
        }, {
            "signGoodsId": "1ma3hwm",
            "title": "时尚套装 新款 韩版",
            "description": "时尚套装 新款 韩版",
            "image": "http://s11.mogucdn.com/mlcdn/c45406/181019_2dk41ha8gbg2beahf244i362275jc_800x1200.jpg",
            "price": "127.15",
            "discountPrice": "89.00",
            "h5GoodUrl": "http://item.meilishuo.com/h5/detail/1ma3hwm?acm=3.ms.0_4_1ma3hwm.0.13385-69004.ni0a4r82DPhbf.t_-sd_117-lc_1",
            "pcGoodUrl": "http://item.meilishuo.com/detail/1ma3hwm?acm=3.ms.0_4_1ma3hwm.0.13385-69004.ni0a4r82DPhbf.t_-sd_117-lc_1",
            "wapGoodUrl": "http://m.meilishuo.com/wap/detail/1ma3hwm?acm=3.ms.0_4_1ma3hwm.0.13385-69004.ni0a4r82DPhbf.t_-sd_117-lc_1",
            "collectNum": 114,
            "isShelf": 0,
            "isDeleted": 0,
            "stock": 1000,
            "saleNum": 19808,
            "dayCollectNum": null,
            "daySaleNum": null,
            "goodsStatus": null,
            "itemMarks": "-1",
            "marksUrl": null,
            "marks": null,
            "tagUrl": {},
            "isFaved": false,
            "acm": "3.ms.0_4_1ma3hwm.0.13385-69004.ni0a4r82DPhbf.t_-sd_117-lc_1",
            "props": ["时尚套装", "新款", "韩版"]
        }, {
            "signGoodsId": "1ma25we",
            "title": "套头毛衣 圆领长袖 宽松 撞色 学院风 甜美 减龄 方块",
            "description": "套头毛衣 圆领长袖 宽松 撞色 学院风 甜美 减龄 方块",
            "image": "http://s3.mogucdn.com/mlcdn/c45406/181018_4fcg819hdcdak6aj13jj77670fi77_640x960.jpg",
            "price": "200.00",
            "discountPrice": "88.00",
            "h5GoodUrl": "http://item.meilishuo.com/h5/detail/1ma25we?acm=3.ms.0_4_1ma25we.0.13385-69004.ni0a4r82DPhbf.t_-sd_117-lc_1",
            "pcGoodUrl": "http://item.meilishuo.com/detail/1ma25we?acm=3.ms.0_4_1ma25we.0.13385-69004.ni0a4r82DPhbf.t_-sd_117-lc_1",
            "wapGoodUrl": "http://m.meilishuo.com/wap/detail/1ma25we?acm=3.ms.0_4_1ma25we.0.13385-69004.ni0a4r82DPhbf.t_-sd_117-lc_1",
            "collectNum": 16,
            "isShelf": 0,
            "isDeleted": 0,
            "stock": 1000,
            "saleNum": 14664,
            "dayCollectNum": null,
            "daySaleNum": null,
            "goodsStatus": null,
            "itemMarks": "1525 166 16",
            "marksUrl": null,
            "marks": null,
            "tagUrl": {},
            "isFaved": false,
            "acm": "3.ms.0_4_1ma25we.0.13385-69004.ni0a4r82DPhbf.t_-sd_117-lc_1",
            "props": ["套头毛衣", "圆领长袖", "宽松", "撞色", "学院风", "甜美", "减龄", "方块"]
        }, {
            "signGoodsId": "1ma04rm",
            "title": "绒毛衣 套头 宽松 新款 秋季",
            "description": "绒毛衣 套头 宽松 新款 秋季",
            "image": "http://s11.mogucdn.com/mlcdn/c45406/181017_3f3c8ijj34af2355lj377il2fd7fl_640x960.jpg",
            "price": "189.00",
            "discountPrice": "88.00",
            "h5GoodUrl": "http://item.meilishuo.com/h5/detail/1ma04rm?acm=3.ms.0_4_1ma04rm.0.13385-69004.ni0a4r82DPhbf.t_-sd_117-lc_1",
            "pcGoodUrl": "http://item.meilishuo.com/detail/1ma04rm?acm=3.ms.0_4_1ma04rm.0.13385-69004.ni0a4r82DPhbf.t_-sd_117-lc_1",
            "wapGoodUrl": "http://m.meilishuo.com/wap/detail/1ma04rm?acm=3.ms.0_4_1ma04rm.0.13385-69004.ni0a4r82DPhbf.t_-sd_117-lc_1",
            "collectNum": 27,
            "isShelf": 0,
            "isDeleted": 0,
            "stock": 1000,
            "saleNum": 12252,
            "dayCollectNum": null,
            "daySaleNum": null,
            "goodsStatus": null,
            "itemMarks": "1525",
            "marksUrl": null,
            "marks": null,
            "tagUrl": {},
            "isFaved": false,
            "acm": "3.ms.0_4_1ma04rm.0.13385-69004.ni0a4r82DPhbf.t_-sd_117-lc_1",
            "props": ["绒毛衣", "套头", "宽松", "新款", "秋季"]
        }, {
            "signGoodsId": "1ma50p8",
            "title": "毛呢外套 大衣 手工 冬季 新款",
            "description": "毛呢外套 大衣 手工 冬季 新款",
            "image": "http://s11.mogucdn.com/mlcdn/c45406/181020_36k4jdg7ae139i011jddd9j7cb9ah_800x1200.jpg",
            "price": "240.00",
            "discountPrice": "168.00",
            "h5GoodUrl": "http://item.meilishuo.com/h5/detail/1ma50p8?acm=3.ms.0_4_1ma50p8.0.13385-69004.ni0a4r82DPhbf.t_-sd_117-lc_1",
            "pcGoodUrl": "http://item.meilishuo.com/detail/1ma50p8?acm=3.ms.0_4_1ma50p8.0.13385-69004.ni0a4r82DPhbf.t_-sd_117-lc_1",
            "wapGoodUrl": "http://m.meilishuo.com/wap/detail/1ma50p8?acm=3.ms.0_4_1ma50p8.0.13385-69004.ni0a4r82DPhbf.t_-sd_117-lc_1",
            "collectNum": 48,
            "isShelf": 0,
            "isDeleted": 0,
            "stock": 1000,
            "saleNum": 9917,
            "dayCollectNum": null,
            "daySaleNum": null,
            "goodsStatus": null,
            "itemMarks": "-1",
            "marksUrl": null,
            "marks": null,
            "tagUrl": {},
            "isFaved": false,
            "acm": "3.ms.0_4_1ma50p8.0.13385-69004.ni0a4r82DPhbf.t_-sd_117-lc_1",
            "props": ["毛呢外套", "大衣", "手工", "冬季", "新款"]
        }, {
            "signGoodsId": "1ma4yqu",
            "title": "毛呢外套 裙摆 冬季 新款",
            "description": "毛呢外套 裙摆 冬季 新款",
            "image": "http://s11.mogucdn.com/mlcdn/c45406/181020_25290cgee47700kdlec86di7bghd4_640x949.jpg",
            "price": "240.00",
            "discountPrice": "168.00",
            "h5GoodUrl": "http://item.meilishuo.com/h5/detail/1ma4yqu?acm=3.ms.0_4_1ma4yqu.0.13385-69004.ni0a4r82DPhbf.t_-sd_117-lc_1",
            "pcGoodUrl": "http://item.meilishuo.com/detail/1ma4yqu?acm=3.ms.0_4_1ma4yqu.0.13385-69004.ni0a4r82DPhbf.t_-sd_117-lc_1",
            "wapGoodUrl": "http://m.meilishuo.com/wap/detail/1ma4yqu?acm=3.ms.0_4_1ma4yqu.0.13385-69004.ni0a4r82DPhbf.t_-sd_117-lc_1",
            "collectNum": 43,
            "isShelf": 0,
            "isDeleted": 0,
            "stock": 1000,
            "saleNum": 8920,
            "dayCollectNum": null,
            "daySaleNum": null,
            "goodsStatus": null,
            "itemMarks": "-1",
            "marksUrl": null,
            "marks": null,
            "tagUrl": {},
            "isFaved": false,
            "acm": "3.ms.0_4_1ma4yqu.0.13385-69004.ni0a4r82DPhbf.t_-sd_117-lc_1",
            "props": ["毛呢外套", "裙摆", "冬季", "新款"]
        }, {
            "signGoodsId": "1m9zw0q",
            "title": "毛衣 套头 宽松 蓝色 韩版 新款",
            "description": "毛衣 套头 宽松 蓝色 韩版 新款",
            "image": "http://s11.mogucdn.com/mlcdn/c45406/181017_1c0604e4ehf573f522ihkl72h4a9k_640x960.jpg",
            "price": "199.00",
            "discountPrice": "88.00",
            "h5GoodUrl": "http://item.meilishuo.com/h5/detail/1m9zw0q?acm=3.ms.0_4_1m9zw0q.0.13385-69004.ni0a4r82DPhbf.t_-sd_117-lc_1",
            "pcGoodUrl": "http://item.meilishuo.com/detail/1m9zw0q?acm=3.ms.0_4_1m9zw0q.0.13385-69004.ni0a4r82DPhbf.t_-sd_117-lc_1",
            "wapGoodUrl": "http://m.meilishuo.com/wap/detail/1m9zw0q?acm=3.ms.0_4_1m9zw0q.0.13385-69004.ni0a4r82DPhbf.t_-sd_117-lc_1",
            "collectNum": 12,
            "isShelf": 0,
            "isDeleted": 0,
            "stock": 1000,
            "saleNum": 7990,
            "dayCollectNum": null,
            "daySaleNum": null,
            "goodsStatus": null,
            "itemMarks": "1525",
            "marksUrl": null,
            "marks": null,
            "tagUrl": {},
            "isFaved": false,
            "acm": "3.ms.0_4_1m9zw0q.0.13385-69004.ni0a4r82DPhbf.t_-sd_117-lc_1",
            "props": ["毛衣", "套头", "宽松", "蓝色", "韩版", "新款"]
        }, {
            "signGoodsId": "1ma29fk",
            "title": "毛衣 长颈鹿图案 提花 圆领 宽松 秋冬新款 韩系 百搭",
            "description": "毛衣 长颈鹿图案 提花 圆领 宽松 秋冬新款 韩系 百搭",
            "image": "http://s3.mogucdn.com/mlcdn/c45406/181018_85gbh07ihgf2fc0ij48bi0l936j4j_640x960.jpg",
            "price": "200.00",
            "discountPrice": "98.00",
            "h5GoodUrl": "http://item.meilishuo.com/h5/detail/1ma29fk?acm=3.ms.0_4_1ma29fk.0.13385-69004.ni0a4r82DPhbf.t_-sd_117-lc_1",
            "pcGoodUrl": "http://item.meilishuo.com/detail/1ma29fk?acm=3.ms.0_4_1ma29fk.0.13385-69004.ni0a4r82DPhbf.t_-sd_117-lc_1",
            "wapGoodUrl": "http://m.meilishuo.com/wap/detail/1ma29fk?acm=3.ms.0_4_1ma29fk.0.13385-69004.ni0a4r82DPhbf.t_-sd_117-lc_1",
            "collectNum": 4,
            "isShelf": 0,
            "isDeleted": 0,
            "stock": 1000,
            "saleNum": 7990,
            "dayCollectNum": null,
            "daySaleNum": null,
            "goodsStatus": null,
            "itemMarks": "1525",
            "marksUrl": null,
            "marks": null,
            "tagUrl": {},
            "isFaved": false,
            "acm": "3.ms.0_4_1ma29fk.0.13385-69004.ni0a4r82DPhbf.t_-sd_117-lc_1",
            "props": ["毛衣", "长颈鹿图案", "提花", "圆领", "宽松", "秋冬新款", "韩系", "百搭"]
        }, {
            "signGoodsId": "1ma821k",
            "title": "加绒卫衣 套头 字母 原宿风 拼色 春秋",
            "description": "加绒卫衣 套头 字母 原宿风 拼色 春秋",
            "image": "http://s3.mogucdn.com/mlcdn/c45406/181022_7ljd688k23ik0lc3j7ikj0d54gkd3_640x960.jpg",
            "price": "112.86",
            "discountPrice": "79.00",
            "h5GoodUrl": "http://item.meilishuo.com/h5/detail/1ma821k?acm=3.ms.0_4_1ma821k.0.13385-69004.ni0a4r82DPhbf.t_-sd_117-lc_1",
            "pcGoodUrl": "http://item.meilishuo.com/detail/1ma821k?acm=3.ms.0_4_1ma821k.0.13385-69004.ni0a4r82DPhbf.t_-sd_117-lc_1",
            "wapGoodUrl": "http://m.meilishuo.com/wap/detail/1ma821k?acm=3.ms.0_4_1ma821k.0.13385-69004.ni0a4r82DPhbf.t_-sd_117-lc_1",
            "collectNum": 26,
            "isShelf": 0,
            "isDeleted": 0,
            "stock": 1000,
            "saleNum": 7178,
            "dayCollectNum": null,
            "daySaleNum": null,
            "goodsStatus": null,
            "itemMarks": "-1",
            "marksUrl": null,
            "marks": null,
            "tagUrl": {},
            "isFaved": false,
            "acm": "3.ms.0_4_1ma821k.0.13385-69004.ni0a4r82DPhbf.t_-sd_117-lc_1",
            "props": ["加绒卫衣", "套头", "字母", "原宿风", "拼色", "春秋"]
        }, {
            "signGoodsId": "1ma44a2",
            "title": "套头毛衣 v领 开叉 宽松 长袖 韩版 新款 秋季",
            "description": "套头毛衣 v领 开叉 宽松 长袖 韩版 新款 秋季",
            "image": "http://s3.mogucdn.com/mlcdn/c45406/181019_6k4ej95bg8albd8e783f4k76875fk_640x960.jpg",
            "price": "200.00",
            "discountPrice": "89.00",
            "h5GoodUrl": "http://item.meilishuo.com/h5/detail/1ma44a2?acm=3.ms.0_4_1ma44a2.0.13385-69004.ni0a4r82DPhbf.t_-sd_117-lc_1",
            "pcGoodUrl": "http://item.meilishuo.com/detail/1ma44a2?acm=3.ms.0_4_1ma44a2.0.13385-69004.ni0a4r82DPhbf.t_-sd_117-lc_1",
            "wapGoodUrl": "http://m.meilishuo.com/wap/detail/1ma44a2?acm=3.ms.0_4_1ma44a2.0.13385-69004.ni0a4r82DPhbf.t_-sd_117-lc_1",
            "collectNum": 90,
            "isShelf": 0,
            "isDeleted": 0,
            "stock": 1000,
            "saleNum": 6653,
            "dayCollectNum": null,
            "daySaleNum": null,
            "goodsStatus": null,
            "itemMarks": "-1",
            "marksUrl": null,
            "marks": null,
            "tagUrl": {},
            "isFaved": false,
            "acm": "3.ms.0_4_1ma44a2.0.13385-69004.ni0a4r82DPhbf.t_-sd_117-lc_1",
            "props": ["套头毛衣", "v领", "开叉", "宽松", "长袖", "韩版", "新款", "秋季"]
        }, {
            "signGoodsId": "1ma0aku",
            "title": "毛衣 套头 宽松 秋冬新款",
            "description": "毛衣 套头 宽松 秋冬新款",
            "image": "http://s11.mogucdn.com/mlcdn/c45406/181017_0kfg7affckbefb60fjjj1bh12721l_640x960.jpg",
            "price": "189.00",
            "discountPrice": "88.00",
            "h5GoodUrl": "http://item.meilishuo.com/h5/detail/1ma0aku?acm=3.ms.0_4_1ma0aku.0.13385-69004.ni0a4r82DPhbf.t_-sd_117-lc_1",
            "pcGoodUrl": "http://item.meilishuo.com/detail/1ma0aku?acm=3.ms.0_4_1ma0aku.0.13385-69004.ni0a4r82DPhbf.t_-sd_117-lc_1",
            "wapGoodUrl": "http://m.meilishuo.com/wap/detail/1ma0aku?acm=3.ms.0_4_1ma0aku.0.13385-69004.ni0a4r82DPhbf.t_-sd_117-lc_1",
            "collectNum": 8,
            "isShelf": 0,
            "isDeleted": 0,
            "stock": 1000,
            "saleNum": 5811,
            "dayCollectNum": null,
            "daySaleNum": null,
            "goodsStatus": null,
            "itemMarks": "1525",
            "marksUrl": null,
            "marks": null,
            "tagUrl": {},
            "isFaved": false,
            "acm": "3.ms.0_4_1ma0aku.0.13385-69004.ni0a4r82DPhbf.t_-sd_117-lc_1",
            "props": ["毛衣", "套头", "宽松", "秋冬新款"]
        }, {
            "signGoodsId": "1ma7jgs",
            "title": "时尚套装 高领 秋冬新款 毛边 套头 宽松 学院风 韩版",
            "description": "时尚套装 高领 秋冬新款 毛边 套头 宽松 学院风 韩版",
            "image": "http://s3.mogucdn.com/mlcdn/c45406/181023_35g124ea3eg185abj01jlaf5ck337_640x960.jpg",
            "price": "97.15",
            "discountPrice": "68.00",
            "h5GoodUrl": "http://item.meilishuo.com/h5/detail/1ma7jgs?acm=3.ms.0_4_1ma7jgs.0.13385-69004.ni0a4r82DPhbf.t_-sd_117-lc_1",
            "pcGoodUrl": "http://item.meilishuo.com/detail/1ma7jgs?acm=3.ms.0_4_1ma7jgs.0.13385-69004.ni0a4r82DPhbf.t_-sd_117-lc_1",
            "wapGoodUrl": "http://m.meilishuo.com/wap/detail/1ma7jgs?acm=3.ms.0_4_1ma7jgs.0.13385-69004.ni0a4r82DPhbf.t_-sd_117-lc_1",
            "collectNum": 44,
            "isShelf": 0,
            "isDeleted": 0,
            "stock": 1000,
            "saleNum": 3873,
            "dayCollectNum": null,
            "daySaleNum": null,
            "goodsStatus": null,
            "itemMarks": "-1",
            "marksUrl": null,
            "marks": null,
            "tagUrl": {},
            "isFaved": false,
            "acm": "3.ms.0_4_1ma7jgs.0.13385-69004.ni0a4r82DPhbf.t_-sd_117-lc_1",
            "props": ["时尚套装", "高领", "秋冬新款", "毛边", "套头", "宽松", "学院风", "韩版"]
        }, {
            "signGoodsId": "1ma7asy",
            "title": "毛呢外套 长袖外套 格子 收腰 短款 复古 韩版 新款",
            "description": "毛呢外套 长袖外套 格子 收腰 短款 复古 韩版 新款",
            "image": "http://s11.mogucdn.com/mlcdn/55cf19/181021_5je388937481hh1i6f58l8gjh50j7_640x960.jpg",
            "price": "187.00",
            "discountPrice": "118.00",
            "h5GoodUrl": "http://item.meilishuo.com/h5/detail/1ma7asy?acm=3.ms.0_4_1ma7asy.0.13385-69004.ni0a4r82DPhbf.t_-sd_117-lc_1",
            "pcGoodUrl": "http://item.meilishuo.com/detail/1ma7asy?acm=3.ms.0_4_1ma7asy.0.13385-69004.ni0a4r82DPhbf.t_-sd_117-lc_1",
            "wapGoodUrl": "http://m.meilishuo.com/wap/detail/1ma7asy?acm=3.ms.0_4_1ma7asy.0.13385-69004.ni0a4r82DPhbf.t_-sd_117-lc_1",
            "collectNum": 65,
            "isShelf": 0,
            "isDeleted": 0,
            "stock": 1000,
            "saleNum": 3693,
            "dayCollectNum": null,
            "daySaleNum": null,
            "goodsStatus": null,
            "itemMarks": "-1",
            "marksUrl": null,
            "marks": null,
            "tagUrl": {},
            "isFaved": false,
            "acm": "3.ms.0_4_1ma7asy.0.13385-69004.ni0a4r82DPhbf.t_-sd_117-lc_1",
            "props": ["毛呢外套", "长袖外套", "格子", "收腰", "短款", "复古", "韩版", "新款"]
        }, {
            "signGoodsId": "1ma0jgg",
            "title": "毛衣 秋冬新款 单排扣",
            "description": "毛衣 秋冬新款 单排扣",
            "image": "http://s3.mogucdn.com/mlcdn/c45406/181017_85538ja2fk2kfcfk4b58fd44d69d7_640x960.jpg",
            "price": "199.00",
            "discountPrice": "88.00",
            "h5GoodUrl": "http://item.meilishuo.com/h5/detail/1ma0jgg?acm=3.ms.0_4_1ma0jgg.0.13385-69004.ni0a4r82DPhbf.t_-sd_117-lc_1",
            "pcGoodUrl": "http://item.meilishuo.com/detail/1ma0jgg?acm=3.ms.0_4_1ma0jgg.0.13385-69004.ni0a4r82DPhbf.t_-sd_117-lc_1",
            "wapGoodUrl": "http://m.meilishuo.com/wap/detail/1ma0jgg?acm=3.ms.0_4_1ma0jgg.0.13385-69004.ni0a4r82DPhbf.t_-sd_117-lc_1",
            "collectNum": 7,
            "isShelf": 0,
            "isDeleted": 0,
            "stock": 1000,
            "saleNum": 3590,
            "dayCollectNum": null,
            "daySaleNum": null,
            "goodsStatus": null,
            "itemMarks": "1525",
            "marksUrl": null,
            "marks": null,
            "tagUrl": {},
            "isFaved": false,
            "acm": "3.ms.0_4_1ma0jgg.0.13385-69004.ni0a4r82DPhbf.t_-sd_117-lc_1",
            "props": ["毛衣", "秋冬新款", "单排扣"]
        }, {
            "signGoodsId": "1ma0m48",
            "title": "情侣毛衣 套头 拼色 宽松 同款 韩版 新款",
            "description": "情侣毛衣 套头 拼色 宽松 同款 韩版 新款",
            "image": "http://s11.mogucdn.com/mlcdn/c45406/181017_389cih4l499dbd844l8gg15hl2d88_640x960.jpg",
            "price": "200.00",
            "discountPrice": "88.00",
            "h5GoodUrl": "http://item.meilishuo.com/h5/detail/1ma0m48?acm=3.ms.0_4_1ma0m48.0.13385-69004.ni0a4r82DPhbf.t_-sd_117-lc_1",
            "pcGoodUrl": "http://item.meilishuo.com/detail/1ma0m48?acm=3.ms.0_4_1ma0m48.0.13385-69004.ni0a4r82DPhbf.t_-sd_117-lc_1",
            "wapGoodUrl": "http://m.meilishuo.com/wap/detail/1ma0m48?acm=3.ms.0_4_1ma0m48.0.13385-69004.ni0a4r82DPhbf.t_-sd_117-lc_1",
            "collectNum": 8,
            "isShelf": 0,
            "isDeleted": 0,
            "stock": 1000,
            "saleNum": 2986,
            "dayCollectNum": null,
            "daySaleNum": null,
            "goodsStatus": null,
            "itemMarks": "1525",
            "marksUrl": null,
            "marks": null,
            "tagUrl": {},
            "isFaved": false,
            "acm": "3.ms.0_4_1ma0m48.0.13385-69004.ni0a4r82DPhbf.t_-sd_117-lc_1",
            "props": ["情侣毛衣", "套头", "拼色", "宽松", "同款", "韩版", "新款"]
        }, {
            "signGoodsId": "1ma1qe6",
            "title": "长款v领毛衣 针织 同款 秋季",
            "description": "长款v领毛衣 针织 同款 秋季",
            "image": "http://s11.mogucdn.com/mlcdn/c45406/181019_25509f9b953jbl6g1k5a42fh53hgl_700x1000.jpg",
            "price": "178.00",
            "discountPrice": "89.00",
            "h5GoodUrl": "http://item.meilishuo.com/h5/detail/1ma1qe6?acm=3.ms.0_4_1ma1qe6.0.13385-69004.ni0a4r82DPhbf.t_-sd_117-lc_1",
            "pcGoodUrl": "http://item.meilishuo.com/detail/1ma1qe6?acm=3.ms.0_4_1ma1qe6.0.13385-69004.ni0a4r82DPhbf.t_-sd_117-lc_1",
            "wapGoodUrl": "http://m.meilishuo.com/wap/detail/1ma1qe6?acm=3.ms.0_4_1ma1qe6.0.13385-69004.ni0a4r82DPhbf.t_-sd_117-lc_1",
            "collectNum": 74,
            "isShelf": 0,
            "isDeleted": 0,
            "stock": 1000,
            "saleNum": 2522,
            "dayCollectNum": null,
            "daySaleNum": null,
            "goodsStatus": null,
            "itemMarks": "-1",
            "marksUrl": null,
            "marks": null,
            "tagUrl": {},
            "isFaved": false,
            "acm": "3.ms.0_4_1ma1qe6.0.13385-69004.ni0a4r82DPhbf.t_-sd_117-lc_1",
            "props": ["长款v领毛衣", "针织", "同款", "秋季"]
        }, {
            "signGoodsId": "1makayk",
            "title": "休闲裤 休闲短裤 侧拉链 韩版",
            "description": "休闲裤 休闲短裤 侧拉链 韩版",
            "image": "http://s11.mogucdn.com/mlcdn/c45406/181028_33lelh0l5dag6k50fe074h6cj9fd7_2799x2044.jpg",
            "price": "99.00",
            "discountPrice": "99.00",
            "h5GoodUrl": "http://item.meilishuo.com/h5/detail/1makayk?acm=3.ms.0_4_1makayk.0.13385-69004.ni0a4r82DPhbf.t_-sd_117-lc_1",
            "pcGoodUrl": "http://item.meilishuo.com/detail/1makayk?acm=3.ms.0_4_1makayk.0.13385-69004.ni0a4r82DPhbf.t_-sd_117-lc_1",
            "wapGoodUrl": "http://m.meilishuo.com/wap/detail/1makayk?acm=3.ms.0_4_1makayk.0.13385-69004.ni0a4r82DPhbf.t_-sd_117-lc_1",
            "collectNum": 1,
            "isShelf": 0,
            "isDeleted": 0,
            "stock": 1000,
            "saleNum": 2106,
            "dayCollectNum": null,
            "daySaleNum": null,
            "goodsStatus": null,
            "itemMarks": "-1",
            "marksUrl": null,
            "marks": null,
            "tagUrl": {},
            "isFaved": false,
            "acm": "3.ms.0_4_1makayk.0.13385-69004.ni0a4r82DPhbf.t_-sd_117-lc_1",
            "props": ["休闲裤", "休闲短裤", "侧拉链", "韩版"]
        }, {
            "signGoodsId": "1ma0i6w",
            "title": "连衣裙 卫衣裙 中长款 宽松 过膝 新款 韩版",
            "description": "连衣裙 卫衣裙 中长款 宽松 过膝 新款 韩版",
            "image": "http://s11.mogucdn.com/mlcdn/c45406/181019_0l15i95e0bihcg0jhj7ggg3haiagd_700x1000.jpg",
            "price": "188.00",
            "discountPrice": "85.00",
            "h5GoodUrl": "http://item.meilishuo.com/h5/detail/1ma0i6w?acm=3.ms.0_4_1ma0i6w.0.13385-69004.ni0a4r82DPhbf.t_-sd_117-lc_1",
            "pcGoodUrl": "http://item.meilishuo.com/detail/1ma0i6w?acm=3.ms.0_4_1ma0i6w.0.13385-69004.ni0a4r82DPhbf.t_-sd_117-lc_1",
            "wapGoodUrl": "http://m.meilishuo.com/wap/detail/1ma0i6w?acm=3.ms.0_4_1ma0i6w.0.13385-69004.ni0a4r82DPhbf.t_-sd_117-lc_1",
            "collectNum": 150,
            "isShelf": 0,
            "isDeleted": 0,
            "stock": 1000,
            "saleNum": 1646,
            "dayCollectNum": null,
            "daySaleNum": null,
            "goodsStatus": null,
            "itemMarks": "1525 1558 166 16",
            "marksUrl": null,
            "marks": null,
            "tagUrl": {},
            "isFaved": false,
            "acm": "3.ms.0_4_1ma0i6w.0.13385-69004.ni0a4r82DPhbf.t_-sd_117-lc_1",
            "props": ["连衣裙", "卫衣裙", "中长款", "宽松", "过膝", "新款", "韩版"]
        }, {
            "signGoodsId": "1ma1qj4",
            "title": "毛呢外套 中长款 系带 淑女 赫本风 百搭 轻熟风 基本款 韩版",
            "description": "毛呢外套 中长款 系带 淑女 赫本风 百搭 轻熟风 基本款 韩版",
            "image": "http://s3.mogucdn.com/mlcdn/c45406/181019_8f420527fl895bjfhef5631k29f9k_700x1000.jpg",
            "price": "198.00",
            "discountPrice": "98.00",
            "h5GoodUrl": "http://item.meilishuo.com/h5/detail/1ma1qj4?acm=3.ms.0_4_1ma1qj4.0.13385-69004.ni0a4r82DPhbf.t_-sd_117-lc_1",
            "pcGoodUrl": "http://item.meilishuo.com/detail/1ma1qj4?acm=3.ms.0_4_1ma1qj4.0.13385-69004.ni0a4r82DPhbf.t_-sd_117-lc_1",
            "wapGoodUrl": "http://m.meilishuo.com/wap/detail/1ma1qj4?acm=3.ms.0_4_1ma1qj4.0.13385-69004.ni0a4r82DPhbf.t_-sd_117-lc_1",
            "collectNum": 18,
            "isShelf": 0,
            "isDeleted": 0,
            "stock": 1000,
            "saleNum": 1101,
            "dayCollectNum": null,
            "daySaleNum": null,
            "goodsStatus": null,
            "itemMarks": "1558 166 16",
            "marksUrl": null,
            "marks": null,
            "tagUrl": {},
            "isFaved": false,
            "acm": "3.ms.0_4_1ma1qj4.0.13385-69004.ni0a4r82DPhbf.t_-sd_117-lc_1",
            "props": ["毛呢外套", "中长款", "系带", "淑女", "赫本风", "百搭", "轻熟风", "基本款", "韩版"]
        }, {
            "signGoodsId": "1ma67yk",
            "title": "保暖内衣 美体 打底 薄款 紧身 修身 低领口",
            "description": "保暖内衣 美体 打底 薄款 紧身 修身 低领口",
            "image": "http://s3.mogucdn.com/mlcdn/c45406/181021_77i709i1b3d9jf7i5j6gh4cf9hd4g_640x960.jpg",
            "price": "199.00",
            "discountPrice": "199.00",
            "h5GoodUrl": "http://item.meilishuo.com/h5/detail/1ma67yk?acm=3.ms.0_4_1ma67yk.0.13385-69004.ni0a4r82DPhbf.t_-sd_117-lc_1",
            "pcGoodUrl": "http://item.meilishuo.com/detail/1ma67yk?acm=3.ms.0_4_1ma67yk.0.13385-69004.ni0a4r82DPhbf.t_-sd_117-lc_1",
            "wapGoodUrl": "http://m.meilishuo.com/wap/detail/1ma67yk?acm=3.ms.0_4_1ma67yk.0.13385-69004.ni0a4r82DPhbf.t_-sd_117-lc_1",
            "collectNum": 1,
            "isShelf": 0,
            "isDeleted": 0,
            "stock": 1000,
            "saleNum": 835,
            "dayCollectNum": null,
            "daySaleNum": null,
            "goodsStatus": null,
            "itemMarks": "-1",
            "marksUrl": null,
            "marks": null,
            "tagUrl": {},
            "isFaved": false,
            "acm": "3.ms.0_4_1ma67yk.0.13385-69004.ni0a4r82DPhbf.t_-sd_117-lc_1",
            "props": ["保暖内衣", "美体", "打底", "薄款", "紧身", "修身", "低领口"]
        }, {
            "signGoodsId": "1ma2pb8",
            "title": "雪地靴 真兔毛 品质 加大 冬季 新款",
            "description": "雪地靴 真兔毛 品质 加大 冬季 新款",
            "image": "http://s11.mogucdn.com/mlcdn/c45406/181019_3bk3jg66183ic8cdefg70019f181h_750x750.jpg",
            "price": "199.00",
            "discountPrice": "199.00",
            "h5GoodUrl": "http://item.meilishuo.com/h5/detail/1ma2pb8?acm=3.ms.0_4_1ma2pb8.0.13385-69004.ni0a4r82DPhbf.t_-sd_117-lc_1",
            "pcGoodUrl": "http://item.meilishuo.com/detail/1ma2pb8?acm=3.ms.0_4_1ma2pb8.0.13385-69004.ni0a4r82DPhbf.t_-sd_117-lc_1",
            "wapGoodUrl": "http://m.meilishuo.com/wap/detail/1ma2pb8?acm=3.ms.0_4_1ma2pb8.0.13385-69004.ni0a4r82DPhbf.t_-sd_117-lc_1",
            "collectNum": 24,
            "isShelf": 0,
            "isDeleted": 0,
            "stock": 1000,
            "saleNum": 710,
            "dayCollectNum": null,
            "daySaleNum": null,
            "goodsStatus": null,
            "itemMarks": "-1",
            "marksUrl": null,
            "marks": null,
            "tagUrl": {},
            "isFaved": false,
            "acm": "3.ms.0_4_1ma2pb8.0.13385-69004.ni0a4r82DPhbf.t_-sd_117-lc_1",
            "props": ["雪地靴", "真兔毛", "品质", "加大", "冬季", "新款"]
        }, {
            "signGoodsId": "1m9ytwu",
            "title": "休闲裤 阔腿裤",
            "description": "休闲裤 阔腿裤",
            "image": "http://s11.mogucdn.com/mlcdn/c45406/181016_304ilj7hk39hg00i57b5d5j4dg3dj_3024x3024.jpg",
            "price": "75.90",
            "discountPrice": "75.90",
            "h5GoodUrl": "http://item.meilishuo.com/h5/detail/1m9ytwu?acm=3.ms.0_4_1m9ytwu.0.13385-69004.ni0a4r82DPhbf.t_-sd_117-lc_1",
            "pcGoodUrl": "http://item.meilishuo.com/detail/1m9ytwu?acm=3.ms.0_4_1m9ytwu.0.13385-69004.ni0a4r82DPhbf.t_-sd_117-lc_1",
            "wapGoodUrl": "http://m.meilishuo.com/wap/detail/1m9ytwu?acm=3.ms.0_4_1m9ytwu.0.13385-69004.ni0a4r82DPhbf.t_-sd_117-lc_1",
            "collectNum": 19,
            "isShelf": 0,
            "isDeleted": 0,
            "stock": 1000,
            "saleNum": 708,
            "dayCollectNum": null,
            "daySaleNum": null,
            "goodsStatus": null,
            "itemMarks": "-1",
            "marksUrl": null,
            "marks": null,
            "tagUrl": {},
            "isFaved": false,
            "acm": "3.ms.0_4_1m9ytwu.0.13385-69004.ni0a4r82DPhbf.t_-sd_117-lc_1",
            "props": ["休闲裤", "阔腿裤"]
        }, {
            "signGoodsId": "1ma0g2w",
            "title": "时尚休闲鞋 系带 情侣款 纯色 韩版",
            "description": "时尚休闲鞋 系带 情侣款 纯色 韩版",
            "image": "http://s11.mogucdn.com/mlcdn/c45406/181017_5e0e7flgi61gf808l2l0c9l5869ka_640x640.jpg",
            "price": "169.00",
            "discountPrice": "169.00",
            "h5GoodUrl": "http://item.meilishuo.com/h5/detail/1ma0g2w?acm=3.ms.0_4_1ma0g2w.0.13385-69004.ni0a4r82DPhbf.t_-sd_117-lc_1",
            "pcGoodUrl": "http://item.meilishuo.com/detail/1ma0g2w?acm=3.ms.0_4_1ma0g2w.0.13385-69004.ni0a4r82DPhbf.t_-sd_117-lc_1",
            "wapGoodUrl": "http://m.meilishuo.com/wap/detail/1ma0g2w?acm=3.ms.0_4_1ma0g2w.0.13385-69004.ni0a4r82DPhbf.t_-sd_117-lc_1",
            "collectNum": 21,
            "isShelf": 0,
            "isDeleted": 0,
            "stock": 1000,
            "saleNum": 659,
            "dayCollectNum": null,
            "daySaleNum": null,
            "goodsStatus": null,
            "itemMarks": "166 16",
            "marksUrl": null,
            "marks": null,
            "tagUrl": {},
            "isFaved": false,
            "acm": "3.ms.0_4_1ma0g2w.0.13385-69004.ni0a4r82DPhbf.t_-sd_117-lc_1",
            "props": ["时尚休闲鞋", "系带", "情侣款", "纯色", "韩版"]
        }, {
            "signGoodsId": "1m9yrz8",
            "title": "弹力牛仔裤",
            "description": "弹力牛仔裤",
            "image": "http://s3.mogucdn.com/mlcdn/c45406/181016_7d1g46hckc8208073b4622eaf7ik9_3024x3024.jpg",
            "price": "75.90",
            "discountPrice": "75.90",
            "h5GoodUrl": "http://item.meilishuo.com/h5/detail/1m9yrz8?acm=3.ms.0_4_1m9yrz8.0.13385-69004.ni0a4r82DPhbf.t_-sd_117-lc_1",
            "pcGoodUrl": "http://item.meilishuo.com/detail/1m9yrz8?acm=3.ms.0_4_1m9yrz8.0.13385-69004.ni0a4r82DPhbf.t_-sd_117-lc_1",
            "wapGoodUrl": "http://m.meilishuo.com/wap/detail/1m9yrz8?acm=3.ms.0_4_1m9yrz8.0.13385-69004.ni0a4r82DPhbf.t_-sd_117-lc_1",
            "collectNum": 21,
            "isShelf": 0,
            "isDeleted": 0,
            "stock": 1000,
            "saleNum": 626,
            "dayCollectNum": null,
            "daySaleNum": null,
            "goodsStatus": null,
            "itemMarks": "-1",
            "marksUrl": null,
            "marks": null,
            "tagUrl": {},
            "isFaved": false,
            "acm": "3.ms.0_4_1m9yrz8.0.13385-69004.ni0a4r82DPhbf.t_-sd_117-lc_1",
            "props": ["弹力牛仔裤"]
        }, {
            "signGoodsId": "1ma0foy",
            "title": "运动鞋（休闲） 运动鞋 街拍 百搭 软妹 秋冬 韩版 新款",
            "description": "运动鞋（休闲） 运动鞋 街拍 百搭 软妹 秋冬 韩版 新款",
            "image": "http://s11.mogucdn.com/mlcdn/c45406/181017_1kh1id2d6ad5aha6bk5a4e8lhj3ck_640x960.jpg",
            "price": "139.65",
            "discountPrice": "139.65",
            "h5GoodUrl": "http://item.meilishuo.com/h5/detail/1ma0foy?acm=3.ms.0_4_1ma0foy.0.13385-69004.ni0a4r82DPhbf.t_-sd_117-lc_1",
            "pcGoodUrl": "http://item.meilishuo.com/detail/1ma0foy?acm=3.ms.0_4_1ma0foy.0.13385-69004.ni0a4r82DPhbf.t_-sd_117-lc_1",
            "wapGoodUrl": "http://m.meilishuo.com/wap/detail/1ma0foy?acm=3.ms.0_4_1ma0foy.0.13385-69004.ni0a4r82DPhbf.t_-sd_117-lc_1",
            "collectNum": 4,
            "isShelf": 0,
            "isDeleted": 0,
            "stock": 1000,
            "saleNum": 622,
            "dayCollectNum": null,
            "daySaleNum": null,
            "goodsStatus": null,
            "itemMarks": "1525",
            "marksUrl": null,
            "marks": null,
            "tagUrl": {},
            "isFaved": false,
            "acm": "3.ms.0_4_1ma0foy.0.13385-69004.ni0a4r82DPhbf.t_-sd_117-lc_1",
            "props": ["运动鞋（休闲）", "运动鞋", "街拍", "百搭", "软妹", "秋冬", "韩版", "新款"]
        }, {
            "signGoodsId": "1ma6vbo",
            "title": "时尚套装 套头毛衣 针织 高腰 气质 显瘦 九分 秋冬新款 百搭 豹纹 可爱 同款 宽松 韩版",
            "description": "时尚套装 套头毛衣 针织 高腰 气质 显瘦 九分 秋冬新款 百搭 豹纹 可爱 同款 宽松 韩版",
            "image": "http://s3.mogucdn.com/mlcdn/c45406/181021_59j4keh3ee18bcg23akail60eibd8_640x960.jpg",
            "price": "112.86",
            "discountPrice": "79.00",
            "h5GoodUrl": "http://item.meilishuo.com/h5/detail/1ma6vbo?acm=3.ms.0_4_1ma6vbo.0.13385-69004.ni0a4r82DPhbf.t_-sd_117-lc_1",
            "pcGoodUrl": "http://item.meilishuo.com/detail/1ma6vbo?acm=3.ms.0_4_1ma6vbo.0.13385-69004.ni0a4r82DPhbf.t_-sd_117-lc_1",
            "wapGoodUrl": "http://m.meilishuo.com/wap/detail/1ma6vbo?acm=3.ms.0_4_1ma6vbo.0.13385-69004.ni0a4r82DPhbf.t_-sd_117-lc_1",
            "collectNum": 24,
            "isShelf": 0,
            "isDeleted": 0,
            "stock": 1000,
            "saleNum": 555,
            "dayCollectNum": null,
            "daySaleNum": null,
            "goodsStatus": null,
            "itemMarks": "353 166 16 181",
            "marksUrl": null,
            "marks": null,
            "tagUrl": {},
            "isFaved": false,
            "acm": "3.ms.0_4_1ma6vbo.0.13385-69004.ni0a4r82DPhbf.t_-sd_117-lc_1",
            "props": ["时尚套装", "套头毛衣", "针织", "高腰", "气质", "显瘦", "九分", "秋冬新款", "百搭", "豹纹", "可爱", "同款", "宽松", "韩版"]
        }, {
            "signGoodsId": "1ma20o6",
            "title": "毛呢外套 尼外套",
            "description": "毛呢外套 尼外套",
            "image": "http://s3.mogucdn.com/mlcdn/c45406/181018_1j8fce82ab8487ah48a1i171iiefe_3024x3024.jpg",
            "price": "135.90",
            "discountPrice": "135.90",
            "h5GoodUrl": "http://item.meilishuo.com/h5/detail/1ma20o6?acm=3.ms.0_4_1ma20o6.0.13385-69004.ni0a4r82DPhbf.t_-sd_117-lc_1",
            "pcGoodUrl": "http://item.meilishuo.com/detail/1ma20o6?acm=3.ms.0_4_1ma20o6.0.13385-69004.ni0a4r82DPhbf.t_-sd_117-lc_1",
            "wapGoodUrl": "http://m.meilishuo.com/wap/detail/1ma20o6?acm=3.ms.0_4_1ma20o6.0.13385-69004.ni0a4r82DPhbf.t_-sd_117-lc_1",
            "collectNum": 22,
            "isShelf": 0,
            "isDeleted": 0,
            "stock": 1000,
            "saleNum": 464,
            "dayCollectNum": null,
            "daySaleNum": null,
            "goodsStatus": null,
            "itemMarks": "-1",
            "marksUrl": null,
            "marks": null,
            "tagUrl": {},
            "isFaved": false,
            "acm": "3.ms.0_4_1ma20o6.0.13385-69004.ni0a4r82DPhbf.t_-sd_117-lc_1",
            "props": ["毛呢外套", "尼外套"]
        }, {
            "signGoodsId": "1ma0cju",
            "title": "毛衣 打底针织衫 半高领 宽松 流苏 百搭 韩版",
            "description": "毛衣 打底针织衫 半高领 宽松 流苏 百搭 韩版",
            "image": "http://s11.mogucdn.com/mlcdn/c45406/181017_7ik7693689kijih65gfk3lli0adf7_640x640.jpg",
            "price": "199.00",
            "discountPrice": "199.00",
            "h5GoodUrl": "http://item.meilishuo.com/h5/detail/1ma0cju?acm=3.ms.0_4_1ma0cju.0.13385-69004.ni0a4r82DPhbf.t_-sd_117-lc_1",
            "pcGoodUrl": "http://item.meilishuo.com/detail/1ma0cju?acm=3.ms.0_4_1ma0cju.0.13385-69004.ni0a4r82DPhbf.t_-sd_117-lc_1",
            "wapGoodUrl": "http://m.meilishuo.com/wap/detail/1ma0cju?acm=3.ms.0_4_1ma0cju.0.13385-69004.ni0a4r82DPhbf.t_-sd_117-lc_1",
            "collectNum": 19,
            "isShelf": 0,
            "isDeleted": 0,
            "stock": 1000,
            "saleNum": 455,
            "dayCollectNum": null,
            "daySaleNum": null,
            "goodsStatus": null,
            "itemMarks": "1525",
            "marksUrl": null,
            "marks": null,
            "tagUrl": {},
            "isFaved": false,
            "acm": "3.ms.0_4_1ma0cju.0.13385-69004.ni0a4r82DPhbf.t_-sd_117-lc_1",
            "props": ["毛衣", "打底针织衫", "半高领", "宽松", "流苏", "百搭", "韩版"]
        }, {
            "signGoodsId": "1ma0fx0",
            "title": "毛呢外套 呢子大衣 羊毛 双面 格子 秋冬季 流行 韩版 新款",
            "description": "毛呢外套 呢子大衣 羊毛 双面 格子 秋冬季 流行 韩版 新款",
            "image": "http://s11.mogucdn.com/mlcdn/c45406/181017_53h30g73afedh93h0j256iih806f3_640x960.jpg",
            "price": "227.15",
            "discountPrice": "159.00",
            "h5GoodUrl": "http://item.meilishuo.com/h5/detail/1ma0fx0?acm=3.ms.0_4_1ma0fx0.0.13385-69004.ni0a4r82DPhbf.t_-sd_117-lc_1",
            "pcGoodUrl": "http://item.meilishuo.com/detail/1ma0fx0?acm=3.ms.0_4_1ma0fx0.0.13385-69004.ni0a4r82DPhbf.t_-sd_117-lc_1",
            "wapGoodUrl": "http://m.meilishuo.com/wap/detail/1ma0fx0?acm=3.ms.0_4_1ma0fx0.0.13385-69004.ni0a4r82DPhbf.t_-sd_117-lc_1",
            "collectNum": 110,
            "isShelf": 0,
            "isDeleted": 0,
            "stock": 1000,
            "saleNum": 443,
            "dayCollectNum": null,
            "daySaleNum": null,
            "goodsStatus": null,
            "itemMarks": "1525 1655 1318",
            "marksUrl": null,
            "marks": null,
            "tagUrl": {},
            "isFaved": false,
            "acm": "3.ms.0_4_1ma0fx0.0.13385-69004.ni0a4r82DPhbf.t_-sd_117-lc_1",
            "props": ["毛呢外套", "呢子大衣", "羊毛", "双面", "格子", "秋冬季", "流行", "韩版", "新款"]
        }],
        "total": 245177,
        "isEnd": false
    },
    "msg": null,
    "success": true
}