{
	"api": "mwp.darwin.get",
	"v": "3",
	"ret": "SUCCESS",
	"data": {
		"list": [
			{
				"image": "https://s10.mogucdn.com/mlcdn/c45406/180928_8cli1gfk7did6c053h39cafk188kc_240x240.jpg",
				"link": "http://act.meilishuo.com/neigouful001?acm=3.mce.2_10_19iiw.23483.0.0rRmjr8jW1iOI.pos_0-m_221928-sd_119",
				"acm": "3.mce.2_10_19iiw.23483.0.0rRmjr8jW1iOI.pos_0-m_221928-sd_119",
				"sort": 1,
				"title": "内购福利"
			}, {
				"image": "https://s11.mogucdn.com/mlcdn/c45406/170718_651cg1559al40edkcel118249hd67_243x240.png",
				"link": "mls://couponlist/coupon?acm=3.mce.2_10_190yo.23483.0.0rRmjr8jW1iOJ.pos_1-m_210548-sd_119",
				"acm": "3.mce.2_10_190yo.23483.0.0rRmjr8jW1iOJ.pos_1-m_210548-sd_119",
				"sort": 2,
				"title": "优惠券"
			}, {
				"image": "https://s11.mogucdn.com/mlcdn/c45406/170718_7bg514fidija6b4h6gh7c5h66355c_240x240.png",
				"link": "mls://mefavor?acm=3.mce.2_10_18kt8.23483.0.0rRmjr8jW1iOK.pos_2-m_200082-sd_119",
				"acm": "3.mce.2_10_18kt8.23483.0.0rRmjr8jW1iOK.pos_2-m_200082-sd_119",
				"sort": 3,
				"title": "收藏"
			}, {
				"image": "https://s17.mogucdn.com/mlcdn/c45406/170718_8ach13glh32h3ei5abkidflk907kj_240x240.png",
				"link": "mls://metrace?type=0&acm=3.mce.2_10_18pty.23483.0.0rRmjr8jW1iOL.pos_3-m_203335-sd_119",
				"acm": "3.mce.2_10_18pty.23483.0.0rRmjr8jW1iOL.pos_3-m_203335-sd_119",
				"sort": 4,
				"title": "足迹"
			}, {
				"image": "https://s10.mogucdn.com/mlcdn/c45406/180420_5c8li51e3fligj802g29k56bb4ihd_240x240.gif",
				"link": "http://act.meilishuo.com/wap/yxzc1?acm=3.mce.2_10_1a7yc.23483.0.0rRmjr8jW1iOM.pos_4-m_238406-sd_119",
				"acm": "3.mce.2_10_1a7yc.23483.0.0rRmjr8jW1iOM.pos_4-m_238406-sd_119",
				"sort": 5,
				"title": "流行趋势"
			}, {
				"image": "https://s2.mogucdn.com/mlcdn/c45406/170718_7ge00ddd78c315aa203jc37dcca12_240x240.png",
				"link": "mls://foryouselect?acm=3.mce.2_10_18pu0.23483.0.0rRmjr8jW1iON.pos_5-m_203336-sd_119",
				"acm": "3.mce.2_10_18pu0.23483.0.0rRmjr8jW1iON.pos_5-m_203336-sd_119",
				"sort": 6,
				"title": "猜你喜欢"
			}, {
				"image": "https://s3.mogucdn.com/mlcdn/c45406/170718_01g5dejk2h584f1j327b52h0a6abe_240x240.png",
				"link": "mls://wallet?acm=3.mce.2_10_18kt4.23483.0.0rRmjr8jW1iOO.pos_6-m_200080-sd_119",
				"acm": "3.mce.2_10_18kt4.23483.0.0rRmjr8jW1iOO.pos_6-m_200080-sd_119",
				"sort": 7,
				"title": "钱包"
			}, {
				"image": "https://s3.mogucdn.com/mlcdn/c45406/170718_80g49ji4kag8ga703122kbeeb7ge2_240x240.png",
				"link": "http://h5.meilishuo.com/newservice/index.html?acm=3.mce.2_10_1a7cy.23483.0.0rRmjr8jW1iOP.pos_7-m_238021-sd_119",
				"acm": "3.mce.2_10_1a7cy.23483.0.0rRmjr8jW1iOP.pos_7-m_238021-sd_119",
				"sort": 8,
				"title": "客服帮助"
			}
		],
		"isEnd": false,
		"nextPage": 2,
		"context": {
			"currentTime": 1541230001
		}
	}
}