 {
    "api": "mwp.darwin.makeup",
    "v": "3",
    "ret": "SUCCESS",
    "data": {
        "popularTitle": {
            "list": [{
                "image": "https://s2.mogucdn.com/mlcdn/c45406/170511_1c15g5c3g57d80j3d33dcjh697ifa_1125x120.jpg",
                "link": "mls://nicegoods?acm=3.mce.2_10_1dc7y.44478.0.gwp2pr82Dmtd4.pos_0-m_311155-sd_119",
                "acm": "3.mce.2_10_1dc7y.44478.0.gwp2pr82Dmtd4.pos_0-m_311155-sd_119",
                "sort": 1,
                "title": "正在流行"
            }],
            "isEnd": true,
            "nextPage": 1,
            "context": {
                "currentTime": 1540974357
            }
        },
        "trendExpressHead": {
            "list": [{
                "image": "https://s17.mogucdn.com/mlcdn/c45406/180110_7bjagf7dg86l09d6ejdijg6723301_1125x120.jpg",
                "link": "",
                "acm": "3.mce.2_10_1d600.60994.0.gwp2pr82Dmtd2.pos_0-m_307124-sd_119",
                "sort": 1,
                "title": "今日焦点"
            }],
            "isEnd": true,
            "nextPage": 1,
            "context": {
                "currentTime": 1540974357
            }
        },
        "collocation": {
            "list": [{
                "image": "https://s2.mogucdn.com/mlcdn/c45406/170511_4dd3da5h5a812gag6hhi9b926044e_2250x240.jpg",
                "link": "#",
                "acm": "3.mce.2_10_1dc7u.44477.0.gwp2pr82DmtdW.pos_0-m_311153-sd_119",
                "sort": 1,
                "title": "搭配好物"
            }],
            "isEnd": true,
            "nextPage": 1,
            "context": {
                "currentTime": 1540974357
            }
        },
        "floor_2": {
            "list": [{
                "image": "http://s16.mogucdn.com/p2/161124/upload_2da47ibial8la65ak82afa9454d1g_750x1056.png",
                "link": "mls://dailyMail/list?acm=3.mce.2_10_17hdk.20652.0.gwp2pr82DmtdZ.pos_0-m_174528-sd_119",
                "acm": "3.mce.2_10_17hdk.20652.0.gwp2pr82DmtdZ.pos_0-m_174528-sd_119",
                "sort": 1,
                "title": "我是二楼"
            }],
            "isEnd": true,
            "nextPage": 1,
            "context": {
                "currentTime": 1540974357
            }
        },
        "channel": {
            "list": [{
                "image": "https://s10.mogucdn.com/mlcdn/c45406/180913_036dli57aah85cb82l1jj722g887g_225x225.png",
                "link": "http://act.meilishuo.com/shidian00001?acm=3.mce.2_10_1jang.20116.0.gwp2pr82DmtdX.pos_0-m_450106-sd_119",
                "acm": "3.mce.2_10_1jang.20116.0.gwp2pr82DmtdX.pos_0-m_450106-sd_119",
                "title": "十点抢券"
            }, {
                "image": "https://s10.mogucdn.com/mlcdn/c45406/180913_387kgl3j21ff29lh04181iek48a6h_225x225.png",
                "link": "https://act.mogujie.com/meirijinguan001?acm=3.mce.2_10_1ixnw.20116.0.gwp2pr82DmtdY.pos_1-m_441690-sd_119",
                "acm": "3.mce.2_10_1ixnw.20116.0.gwp2pr82DmtdY.pos_1-m_441690-sd_119",
                "title": "热销榜单"
            }, {
                "image": "https://s10.mogucdn.com/mlcdn/c45406/180913_25e804lk773hdk695c60cai492111_225x225.png",
                "link": "https://act.mogujie.com/tejiazhuanmai09?acm=3.mce.2_10_1byqk.20116.0.gwp2pr82Dmtd0.pos_2-m_279090-sd_119",
                "acm": "3.mce.2_10_1byqk.20116.0.gwp2pr82Dmtd0.pos_2-m_279090-sd_119",
                "title": "好物特卖"
            }, {
                "image": "https://s10.mogucdn.com/mlcdn/c45406/180913_8d4e5adi8llg7c47lgh2291akiec7_225x225.png",
                "link": "mls://mglive/liveChannelList?acm=3.mce.2_10_1gm50.20116.0.gwp2pr82Dmtd1.pos_3-m_387566-sd_119",
                "acm": "3.mce.2_10_1gm50.20116.0.gwp2pr82Dmtd1.pos_3-m_387566-sd_119",
                "title": "直播特卖"
            }],
            "isEnd": true,
            "nextPage": 1,
            "context": {
                "currentTime": 1540974357
            }
        },
        "popularHead": {
            "list": [{
                "image": "https://s11.mogucdn.com/mlcdn/c45406/171016_56l15fdbhjddeefc1kdk55flik4eb_1125x119.jpg",
                "link": "",
                "acm": "3.mce.2_10_1dccq.44442.0.gwp2pr82DmtdV.pos_0-m_311241-sd_119",
                "sort": 1,
                "title": "流行单品"
            }],
            "isEnd": true,
            "nextPage": 1,
            "context": {
                "currentTime": 1540974357
            }
        },
        "channel_xcx": {
            "list": [{
                "image": "https://s11.mogucdn.com/mlcdn/c45406/171027_5c49j8ij6bjbiie33bfcb6fjbg8jd_225x225.gif",
                "link": "http://m.meilishuo.com/pintuan/pinIndex?navId=1&bannerId=63975&navPid=63552&ptOrder=1&acm=3.mce.2_10_1em0u.78259.0.gwp2pr82Dmtd3.pos_0-m_340835-sd_119",
                "acm": "3.mce.2_10_1em0u.78259.0.gwp2pr82Dmtd3.pos_0-m_340835-sd_119",
                "title": "1分抽奖"
            }, {
                "image": "https://s3.mogucdn.com/mlcdn/c45406/171027_88g8414k34h17dlfba06ahejdkgka_225x225.png",
                "link": "http://act.meilishuo.com/youxuantuijian?acm=3.mce.2_10_1em0w.78259.0.gwp2pr82Dmtd6.pos_1-m_340836-sd_119",
                "acm": "3.mce.2_10_1em0w.78259.0.gwp2pr82Dmtd6.pos_1-m_340836-sd_119",
                "title": "优选推荐"
            }, {
                "image": "https://s11.mogucdn.com/mlcdn/c45406/171027_7eekf88jd872g143ddbhid8a3beab_225x225.png",
                "link": "http://act.meilishuo.com/djdzmmingcheng?acm=3.mce.2_10_1em0y.78259.0.gwp2pr82Dmtd9.pos_2-m_340837-sd_119",
                "acm": "3.mce.2_10_1em0y.78259.0.gwp2pr82Dmtd9.pos_2-m_340837-sd_119",
                "title": "大家都在买"
            }, {
                "image": "https://s2.mogucdn.com/mlcdn/c45406/170508_7i4ja4j7a2l4441h88d2aji87k5h9_225x225.png",
                "link": "http://m.meilishuo.com/huiyuan/sign?acm=3.mce.2_10_1em10.78259.0.gwp2pr82Dmtdb.pos_3-m_340838-sd_119",
                "acm": "3.mce.2_10_1em10.78259.0.gwp2pr82Dmtdb.pos_3-m_340838-sd_119",
                "title": "签到领券"
            }],
            "isEnd": true,
            "nextPage": 1,
            "context": {
                "currentTime": 1540974357
            }
        },
        "trendExpress": {
            "list": [],
            "isEnd": true,
            "nextPage": 1,
            "context": {
                "currentTime": 1540974357
            }
        },
        "specialService": {
            "list": [{
                "image": "https://s2.mogucdn.com/mlcdn/c45406/170710_2hcf4921liid852acgeb7624c0676_1125x120.jpg",
                "link": "http://act.meilishuo.com/fwbz?acm=3.mce.2_10_1bv02.43740.0.gwp2pr82DmtdU.pos_0-m_276669-sd_119",
                "width": 1125,
                "acm": "3.mce.2_10_1bv02.43740.0.gwp2pr82DmtdU.pos_0-m_276669-sd_119",
                "height": 120
            }],
            "isEnd": true,
            "nextPage": 1,
            "context": {
                "currentTime": 1540974357
            }
        },
        "dailyTitle": {
            "list": [{
                "image": "https://s11.mogucdn.com/mlcdn/c45406/170807_376c0gd04k9165bb73k7a0alkllfa_1125x120.jpg",
                "link": "http://act.meilishuo.com/jrxp?acm=3.mce.2_10_1cj4y.44396.0.gwp2pr82DmtdT.pos_0-m_292309-sd_119",
                "acm": "3.mce.2_10_1cj4y.44396.0.gwp2pr82DmtdT.pos_0-m_292309-sd_119",
                "sort": 1,
                "title": "每日上新"
            }],
            "isEnd": true,
            "nextPage": 1,
            "context": {
                "currentTime": 1540974357
            }
        },
        "nextDayNotice": {
            "list": [],
            "isEnd": true,
            "nextPage": 1,
            "context": {
                "currentTime": 1540974357
            }
        },
        "popular": {
            "list": [{
                "image": "https://s10.mogucdn.com/mlcdn/c45406/181023_559d39gidkg9fk93jb6cc8jjk5lc9_140x140.jpg",
                "link": "https://act.mogujie.com/qingxinjianqu0001?acm=3.mce.2_10_1jr2q.45470.0.gwp2pr82Dmtd5.pos_0-m_460749-sd_119",
                "acm": "3.mce.2_10_1jr2q.45470.0.gwp2pr82Dmtd5.pos_0-m_460749-sd_119",
                "sort": 1,
                "title": "清新减龄穿搭"
            }, {
                "image": "https://s10.mogucdn.com/mlcdn/c45406/180927_509g84839dkadb6i1ggddh34j57il_140x140.jpg",
                "link": "https://act.mogujie.com/yangqishaonv0001?acm=3.mce.2_10_1jiyk.45470.0.gwp2pr82Dmtd7.pos_1-m_455490-sd_119",
                "acm": "3.mce.2_10_1jiyk.45470.0.gwp2pr82Dmtd7.pos_1-m_455490-sd_119",
                "sort": 2,
                "title": "氧气少女秘籍"
            }, {
                "image": "https://s10.mogucdn.com/mlcdn/c45406/181017_5j060c996i1b70418882hje8ec9d6_140x140.jpg",
                "link": "https://act.mogujie.com/shoushou001?acm=3.mce.2_10_1joja.45470.0.gwp2pr82Dmtd8.pos_2-m_459103-sd_119",
                "acm": "3.mce.2_10_1joja.45470.0.gwp2pr82Dmtd8.pos_2-m_459103-sd_119",
                "sort": 3,
                "title": "显瘦颜值套装"
            }, {
                "image": "https://s10.mogucdn.com/mlcdn/c45406/181011_872b80a27kcica48lbi195lb6k7k5_140x140.jpg",
                "link": "https://act.mogujie.com/wennnuan0001?acm=3.mce.2_10_1jlom.45470.0.gwp2pr82Dmtda.pos_3-m_457255-sd_119",
                "acm": "3.mce.2_10_1jlom.45470.0.gwp2pr82Dmtda.pos_3-m_457255-sd_119",
                "sort": 4,
                "title": "温暖颜值套装"
            }, {
                "image": "https://s10.mogucdn.com/mlcdn/c45406/180927_509g84839dkadb6i1ggddh34j57il_140x140.jpg",
                "link": "https://act.mogujie.com/xiaoxinji00001?acm=3.mce.2_10_1ji6s.45470.0.gwp2pr82Dmtdc.pos_4-m_454990-sd_119",
                "acm": "3.mce.2_10_1ji6s.45470.0.gwp2pr82Dmtdc.pos_4-m_454990-sd_119",
                "sort": 5,
                "title": "初秋小心机穿搭"
            }, {
                "image": "https://s10.mogucdn.com/mlcdn/c45406/180926_47d2522ib229g00hg0kk3bedagf53_140x140.jpg",
                "link": "https://act.mogujie.com/yanzhi000001?acm=3.mce.2_10_1jhtc.45470.0.gwp2pr82Dmtdd.pos_5-m_454748-sd_119",
                "acm": "3.mce.2_10_1jhtc.45470.0.gwp2pr82Dmtdd.pos_5-m_454748-sd_119",
                "sort": 6,
                "title": "颜值女神外套"
            }, {
                "image": "https://s10.mogucdn.com/mlcdn/c45406/181015_3j098ih9187d5ii6528368g68ig13_140x140.jpg",
                "link": "https://act.mogujie.com/qiujipingjia001?acm=3.mce.2_10_1jnbc.45470.0.gwp2pr82Dmtde.pos_6-m_458312-sd_119",
                "acm": "3.mce.2_10_1jnbc.45470.0.gwp2pr82Dmtde.pos_6-m_458312-sd_119",
                "sort": 7,
                "title": "平价时髦套装"
            }, {
                "image": "https://s10.mogucdn.com/mlcdn/c45406/180927_316he3h92il8bbdkb4bhd68b26503_140x140.jpg",
                "link": "https://act.mogujie.com/wanghong0001111?acm=3.mce.2_10_1jibi.45470.0.gwp2pr82Dmtdf.pos_7-m_455075-sd_119",
                "acm": "3.mce.2_10_1jibi.45470.0.gwp2pr82Dmtdf.pos_7-m_455075-sd_119",
                "sort": 8,
                "title": "网红平价套装"
            }, {
                "image": "https://s10.mogucdn.com/mlcdn/c45406/180920_47b9fc8f418ghccbg4bf98kbhkihc_140x140.jpg",
                "link": "https://act.mogujie.com/tainmei000001?acm=3.mce.2_10_1jfyc.45470.0.gwp2pr82Dmtdg.pos_8-m_453542-sd_119",
                "acm": "3.mce.2_10_1jfyc.45470.0.gwp2pr82Dmtdg.pos_8-m_453542-sd_119",
                "sort": 9,
                "title": "甜美少女风穿搭"
            }, {
                "image": "https://s10.mogucdn.com/mlcdn/c45406/180925_67e7ge6a6ki60652c43lhj7h4c4c9_140x140.jpg",
                "link": "https://act.mogujie.com/xianshou00011?acm=3.mce.2_10_1jhkg.45470.0.gwp2pr82Dmtdh.pos_9-m_454588-sd_119",
                "acm": "3.mce.2_10_1jhkg.45470.0.gwp2pr82Dmtdh.pos_9-m_454588-sd_119",
                "sort": 10,
                "title": "初秋少女显高"
            }, {
                "image": "https://s10.mogucdn.com/mlcdn/c45406/180919_26kaikl1kj4gel5i8kh4ad40hc6g0_140x140.jpg",
                "link": "https://act.mogujie.com/shiyi000001?acm=3.mce.2_10_1jfnu.45470.0.gwp2pr82Dmtdi.pos_10-m_453353-sd_119",
                "acm": "3.mce.2_10_1jfnu.45470.0.gwp2pr82Dmtdi.pos_10-m_453353-sd_119",
                "sort": 11,
                "title": "十一度假风穿搭"
            }, {
                "image": "https://s10.mogucdn.com/mlcdn/c45406/180912_538b2c966dl26i3f5ekfhbc3ke68d_140x140.jpg",
                "link": "https://act.mogujie.com/dress0009?acm=3.mce.2_10_1jdgm.45470.0.gwp2pr82Dmtdj.pos_11-m_451927-sd_119",
                "acm": "3.mce.2_10_1jdgm.45470.0.gwp2pr82Dmtdj.pos_11-m_451927-sd_119",
                "sort": 12,
                "title": "中秋过节穿搭"
            }, {
                "image": "https://s10.mogucdn.com/mlcdn/c45406/180913_00dfjl4jcdgh147582g6k9085350g_140x140.png",
                "link": "https://act.mogujie.com/august001?acm=3.mce.2_10_1jdpk.45470.0.gwp2pr82Dmtdk.pos_12-m_452088-sd_119",
                "acm": "3.mce.2_10_1jdpk.45470.0.gwp2pr82Dmtdk.pos_12-m_452088-sd_119",
                "sort": 13,
                "title": "九月时髦精套装"
            }, {
                "image": "https://s10.mogucdn.com/mlcdn/c45406/180910_83c39lf30k33debkc2cac7dkkaej3_140x140.jpg",
                "link": "https://act.mogujie.com/shimaowieyi00001?acm=3.mce.2_10_1jc2k.45470.0.gwp2pr82Dmtdl.pos_13-m_451026-sd_119",
                "acm": "3.mce.2_10_1jc2k.45470.0.gwp2pr82Dmtdl.pos_13-m_451026-sd_119",
                "sort": 14,
                "title": "时髦精卫衣穿搭"
            }, {
                "image": "https://s10.mogucdn.com/mlcdn/c45406/180911_5j7b3d4kij2a3i9h1f2aah54hje0f_140x140.jpg",
                "link": "https://act.mogujie.com/bangqiufu0001?acm=3.mce.2_10_1jcpe.45470.0.gwp2pr82Dmtdm.pos_14-m_451437-sd_119",
                "acm": "3.mce.2_10_1jcpe.45470.0.gwp2pr82Dmtdm.pos_14-m_451437-sd_119",
                "sort": 15,
                "title": "颜值棒球服种草"
            }, {
                "image": "https://s10.mogucdn.com/mlcdn/c45406/180907_7g383kj94l92037325bh2ee8he78k_140x140.jpg",
                "link": "https://act.mogujie.com/jiuyue0001?acm=3.mce.2_10_1jb4o.45470.0.gwp2pr82Dmtdn.pos_15-m_450416-sd_119",
                "acm": "3.mce.2_10_1jb4o.45470.0.gwp2pr82Dmtdn.pos_15-m_450416-sd_119",
                "sort": 16,
                "title": "夕阳色系穿搭"
            }, {
                "image": "https://s10.mogucdn.com/mlcdn/c45406/180821_4fkfh4bie919kka227da60b1ibc12_140x140.jpg",
                "link": "https://act.mogujie.com/chuqiu0001?acm=3.mce.2_10_1j306.45470.0.gwp2pr82Dmtdo.pos_16-m_445151-sd_119",
                "acm": "3.mce.2_10_1j306.45470.0.gwp2pr82Dmtdo.pos_16-m_445151-sd_119",
                "sort": 17,
                "title": "初秋氧气穿搭"
            }, {
                "image": "https://s10.mogucdn.com/mlcdn/c45406/180814_6cee164e835i9hd48fj9h4b0hk4cd_140x140.jpg",
                "link": "https://act.mogujie.com/wanghong0001?acm=3.mce.2_10_1izxi.45470.0.gwp2pr82Dmtdp.pos_17-m_443159-sd_119",
                "acm": "3.mce.2_10_1izxi.45470.0.gwp2pr82Dmtdp.pos_17-m_443159-sd_119",
                "sort": 18,
                "title": "初秋网红穿搭"
            }, {
                "image": "https://s10.mogucdn.com/mlcdn/c45406/180815_5477gjdh6hae6g36l4113625gg36e_140x140.jpg",
                "link": "https://act.mogujie.com/qixi00001?acm=3.mce.2_10_1j0r8.45470.0.gwp2pr82Dmtdq.pos_18-m_443694-sd_119",
                "acm": "3.mce.2_10_1j0r8.45470.0.gwp2pr82Dmtdq.pos_18-m_443694-sd_119",
                "sort": 19,
                "title": "七夕约会套装"
            }, {
                "image": "https://s10.mogucdn.com/mlcdn/c45406/180816_5b4e7304b92e316e718bj95d1f91j_140x140.jpg",
                "link": "https://act.mogujie.com/kaixue0001?acm=3.mce.2_10_1j1a6.45470.0.gwp2pr82Dmtdr.pos_19-m_444035-sd_119",
                "acm": "3.mce.2_10_1j1a6.45470.0.gwp2pr82Dmtdr.pos_19-m_444035-sd_119",
                "sort": 20,
                "title": "开学吸晴穿搭"
            }, {
                "image": "https://s10.mogucdn.com/mlcdn/c45406/180809_1eh112i27ekidfc0jc089a11aahed_140x140.jpg",
                "link": "https://act.mogujie.com/jietoushaonv0001?acm=3.mce.2_10_1iy2s.45470.0.gwp2pr82Dmtds.pos_20-m_441958-sd_119",
                "acm": "3.mce.2_10_1iy2s.45470.0.gwp2pr82Dmtds.pos_20-m_441958-sd_119",
                "sort": 21,
                "title": "街头少女穿搭"
            }, {
                "image": "https://s10.mogucdn.com/mlcdn/c45406/180604_79h3344df6cgag7016i11ie8ai7cj_140x140.jpg",
                "link": "https://act.mogujie.com/liaoren01?acm=3.mce.2_10_1i9g0.45470.0.gwp2pr82Dmtdt.pos_21-m_425996-sd_119",
                "acm": "3.mce.2_10_1i9g0.45470.0.gwp2pr82Dmtdt.pos_21-m_425996-sd_119",
                "sort": 22,
                "title": "撩男神雪纺装"
            }, {
                "image": "https://s10.mogucdn.com/mlcdn/c45406/180808_5b9bb3kk70g2icg3a5kf293eh2f2a_140x140.jpg",
                "link": "https://act.mogujie.com/july0001?acm=3.mce.2_10_1ixm8.45470.0.gwp2pr82Dmtdu.pos_22-m_441660-sd_119",
                "acm": "3.mce.2_10_1ixm8.45470.0.gwp2pr82Dmtdu.pos_22-m_441660-sd_119",
                "sort": 23,
                "title": "八月潮流穿搭"
            }, {
                "image": "https://s10.mogucdn.com/mlcdn/c45406/180724_6jbbjd4j2j4h6bi5g1iai39l3gj11_140x140.jpg",
                "link": "https://act.mogujie.com/wenyi0001?acm=3.mce.2_10_1iqk0.45470.0.gwp2pr82Dmtdv.pos_23-m_437084-sd_119",
                "acm": "3.mce.2_10_1iqk0.45470.0.gwp2pr82Dmtdv.pos_23-m_437084-sd_119",
                "sort": 24,
                "title": "文艺少女套装"
            }, {
                "image": "https://s10.mogucdn.com/mlcdn/c45406/180807_7ejkc51990ck2b57d3lf45j69g3ff_140x140.jpg",
                "link": "https://act.mogujie.com/qiuzhuangtiqian0001?acm=3.mce.2_10_1ix4m.45470.0.gwp2pr82Dmtdw.pos_24-m_441343-sd_119",
                "acm": "3.mce.2_10_1ix4m.45470.0.gwp2pr82Dmtdw.pos_24-m_441343-sd_119",
                "sort": 25,
                "title": "入秋换季穿搭"
            }, {
                "image": "https://s10.mogucdn.com/mlcdn/c45406/180731_2cgcgf5a376a74ck5d2ba44hkhga1_140x140.jpg",
                "link": "https://act.mogujie.com/tejia0001?acm=3.mce.2_10_1itsk.45470.0.gwp2pr82Dmtdx.pos_25-m_439182-sd_119",
                "acm": "3.mce.2_10_1itsk.45470.0.gwp2pr82Dmtdx.pos_25-m_439182-sd_119",
                "sort": 26,
                "title": "夏日特价套装"
            }, {
                "image": "https://s10.mogucdn.com/mlcdn/c45406/180801_85j5lk7lk5452bfe4767ck8b4h9ha_140x140.jpg",
                "link": "https://act.mogujie.com/chaohai0001?acm=3.mce.2_10_1iu1c.45470.0.gwp2pr82Dmtdy.pos_26-m_439340-sd_119",
                "acm": "3.mce.2_10_1iu1c.45470.0.gwp2pr82Dmtdy.pos_26-m_439340-sd_119",
                "sort": 27,
                "title": "度假超嗨套装"
            }, {
                "image": "https://s10.mogucdn.com/mlcdn/c45406/180802_7c10e3ca0g57a0e55f4e7iab310db_140x140.jpg",
                "link": "https://act.mogujie.com/huanji01?acm=3.mce.2_10_1iu84.45470.0.gwp2pr82Dmtdz.pos_27-m_439462-sd_119",
                "acm": "3.mce.2_10_1iu84.45470.0.gwp2pr82Dmtdz.pos_27-m_439462-sd_119",
                "sort": 28,
                "title": "换季完美穿搭"
            }, {
                "image": "https://s10.mogucdn.com/mlcdn/c45406/180730_1ifld497hlbbjch9d01ajkd3901de_140x140.jpg",
                "link": "https://act.mogujie.com/meibai0001?acm=3.mce.2_10_1itdw.45470.0.gwp2pr82DmtdA.pos_28-m_438918-sd_119",
                "acm": "3.mce.2_10_1itdw.45470.0.gwp2pr82DmtdA.pos_28-m_438918-sd_119",
                "sort": 29,
                "title": "防晒美白套装"
            }, {
                "image": "https://s10.mogucdn.com/mlcdn/c45406/180730_542adhceh1lc282l20i2leka9gi62_140x140.jpg",
                "link": "https://act.mogujie.com/yanzhi00001?acm=3.mce.2_10_1itee.45470.0.gwp2pr82DmtdB.pos_29-m_438927-sd_119",
                "acm": "3.mce.2_10_1itee.45470.0.gwp2pr82DmtdB.pos_29-m_438927-sd_119",
                "sort": 30,
                "title": "颜值美鞋剁手"
            }, {
                "image": "https://s10.mogucdn.com/mlcdn/c45406/180726_0kha7ga4332kahe1639d428fgkijb_140x140.jpg",
                "link": "https://act.mogujie.com/tuodan0001?acm=3.mce.2_10_1isf4.45470.0.gwp2pr82DmtdC.pos_30-m_438292-sd_119",
                "acm": "3.mce.2_10_1isf4.45470.0.gwp2pr82DmtdC.pos_30-m_438292-sd_119",
                "sort": 31,
                "title": "8月脱单穿搭指南"
            }, {
                "image": "https://s10.mogucdn.com/mlcdn/c45406/180723_67i2gihl47ab7ek434l331g6kdib6_140x140.jpg",
                "link": "https://act.mogujie.com/8yue01?acm=3.mce.2_10_1iq2q.45470.0.gwp2pr82DmtdD.pos_31-m_436773-sd_119",
                "acm": "3.mce.2_10_1iq2q.45470.0.gwp2pr82DmtdD.pos_31-m_436773-sd_119",
                "sort": 32,
                "title": "八月套装上新"
            }, {
                "image": "https://s10.mogucdn.com/mlcdn/c45406/180725_00fc1ii2j399g6d3b9f20i9akkhck_140x140.jpg",
                "link": "https://act.mogujie.com/nanshen001?acm=3.mce.2_10_1iqrg.45470.0.gwp2pr82DmtdE.pos_32-m_437218-sd_119",
                "acm": "3.mce.2_10_1iqrg.45470.0.gwp2pr82DmtdE.pos_32-m_437218-sd_119",
                "sort": 33,
                "title": "抢镜撩男神套装"
            }, {
                "image": "https://s10.mogucdn.com/mlcdn/c45406/180724_222bc26ecfj7419a1fg8k7i9963e9_140x140.jpg",
                "link": "https://act.mogujie.com/binggan0001?acm=3.mce.2_10_1iqg0.45470.0.gwp2pr82DmtdF.pos_33-m_437012-sd_119",
                "acm": "3.mce.2_10_1iqg0.45470.0.gwp2pr82DmtdF.pos_33-m_437012-sd_119",
                "sort": 34,
                "title": "冰感清爽美搭"
            }, {
                "image": "https://s10.mogucdn.com/mlcdn/c45406/180723_51k87a9ib4a50l14c1d9bb6id65bf_140x140.jpg",
                "link": "https://act.mogujie.com/jianfa001?acm=3.mce.2_10_1iq8i.45470.0.gwp2pr82DmtdG.pos_34-m_436877-sd_119",
                "acm": "3.mce.2_10_1iq8i.45470.0.gwp2pr82DmtdG.pos_34-m_436877-sd_119",
                "sort": 35,
                "title": "减龄清新套装"
            }, {
                "image": "https://s10.mogucdn.com/mlcdn/c45406/180720_2c3j68f53aajklahieikba4hl7840_140x140.jpg",
                "link": "https://act.mogujie.com/meida0001?acm=3.mce.2_10_1ioza.45470.0.gwp2pr82DmtdH.pos_35-m_436063-sd_119",
                "acm": "3.mce.2_10_1ioza.45470.0.gwp2pr82DmtdH.pos_35-m_436063-sd_119",
                "sort": 36,
                "title": "暑假旅行美搭"
            }, {
                "image": "https://s10.mogucdn.com/mlcdn/c45406/180720_123e51l3cfkeg90ba7ljdf5j4cgh0_140x140.jpg",
                "link": "https://act.mogujie.com/lixingshaonv0001?acm=3.mce.2_10_1ip9u.45470.0.gwp2pr82DmtdI.pos_36-m_436253-sd_119",
                "acm": "3.mce.2_10_1ip9u.45470.0.gwp2pr82DmtdI.pos_36-m_436253-sd_119",
                "sort": 37,
                "title": "梨形少女美搭"
            }, {
                "image": "https://s10.mogucdn.com/mlcdn/c45406/180719_0949l26dc4h9i6kgb7b8f896a6676_140x140.jpg",
                "link": "https://act.mogujie.com/xiantuichang01?acm=3.mce.2_10_1iolc.45470.0.gwp2pr82DmtdJ.pos_37-m_435812-sd_119",
                "acm": "3.mce.2_10_1iolc.45470.0.gwp2pr82DmtdJ.pos_37-m_435812-sd_119",
                "sort": 38,
                "title": "气质衣裤美搭"
            }, {
                "image": "https://s10.mogucdn.com/mlcdn/c45406/180719_11437ej3kb1g6ek8772j5ef35g17d_140x140.jpg",
                "link": "https://act.mogujie.com/zhaopian001?acm=3.mce.2_10_1ior2.45470.0.gwp2pr82DmtdK.pos_38-m_435915-sd_119",
                "acm": "3.mce.2_10_1ior2.45470.0.gwp2pr82DmtdK.pos_38-m_435915-sd_119",
                "sort": 39,
                "title": "日系网红拍照指南"
            }, {
                "image": "https://s10.mogucdn.com/mlcdn/c45406/180716_1l5iggh74c5kdlc806k78c26j643a_140x140.jpg",
                "link": "https://act.mogujie.com/renqi001?acm=3.mce.2_10_1io0a.45470.0.gwp2pr82DmteL.pos_39-m_435433-sd_119",
                "acm": "3.mce.2_10_1io0a.45470.0.gwp2pr82DmteL.pos_39-m_435433-sd_119",
                "sort": 40,
                "title": "爆红人气女装"
            }, {
                "image": "https://s10.mogucdn.com/mlcdn/c45406/180717_0c9lj18d3j6127fh9hh94i30edilb_140x140.png",
                "link": "https://act.mogujie.com/xiangaoxianshou001?acm=3.mce.2_10_1io48.45470.0.gwp2pr82DmteM.pos_40-m_435504-sd_119",
                "acm": "3.mce.2_10_1io48.45470.0.gwp2pr82DmteM.pos_40-m_435504-sd_119",
                "sort": 41,
                "title": "网红显瘦穿搭"
            }, {
                "image": "https://s10.mogucdn.com/mlcdn/c45406/180718_0b5l4254jdb4bkbdllb6k4ba0i247_140x140.png",
                "link": "https://act.mogujie.com/fennen0001?acm=3.mce.2_10_1iodo.45470.0.gwp2pr82DmteN.pos_41-m_435674-sd_119",
                "acm": "3.mce.2_10_1iodo.45470.0.gwp2pr82DmteN.pos_41-m_435674-sd_119",
                "sort": 42,
                "title": "粉嫩少女穿搭"
            }, {
                "image": "https://s10.mogucdn.com/mlcdn/c45406/180717_18ajgk0c44hbdl7eeja39h1ll2690_140x140.png",
                "link": "https://act.mogujie.com/nvsne001?acm=3.mce.2_10_1io8e.45470.0.gwp2pr82DmteO.pos_42-m_435579-sd_119",
                "acm": "3.mce.2_10_1io8e.45470.0.gwp2pr82DmteO.pos_42-m_435579-sd_119",
                "sort": 43,
                "title": "降温雪纺穿搭"
            }, {
                "image": "https://s10.mogucdn.com/mlcdn/c45406/180713_0lj3d769e8hfd17dfl4bfk0g722kh_140x140.jpg",
                "link": "https://act.mogujie.com/nvshenjing01?acm=3.mce.2_10_1incw.45470.0.gwp2pr82DmteP.pos_43-m_435012-sd_119",
                "acm": "3.mce.2_10_1incw.45470.0.gwp2pr82DmteP.pos_43-m_435012-sd_119",
                "sort": 44,
                "title": "女神出游穿搭"
            }, {
                "image": "https://s10.mogucdn.com/mlcdn/c45406/180712_879j888k39e83lc6ld97b1445afca_140x140.jpg",
                "link": "https://act.mogujie.com/dachangtui011?acm=3.mce.2_10_1in0s.45470.0.gwp2pr82DmteQ.pos_44-m_434794-sd_119",
                "acm": "3.mce.2_10_1in0s.45470.0.gwp2pr82DmteQ.pos_44-m_434794-sd_119",
                "sort": 45,
                "title": "秒变长腿女神"
            }, {
                "image": "https://s10.mogucdn.com/mlcdn/c45406/180711_2b78ef6j1f65f5jhfj5d296h814d2_140x140.jpg",
                "link": "https://act.mogujie.com/meiyan001?acm=3.mce.2_10_1imq6.45470.0.gwp2pr82DmteR.pos_45-m_434603-sd_119",
                "acm": "3.mce.2_10_1imq6.45470.0.gwp2pr82DmteR.pos_45-m_434603-sd_119",
                "sort": 46,
                "title": "防晒美颜套装"
            }, {
                "image": "https://s10.mogucdn.com/mlcdn/c45406/180710_08gj60b6g9d7i79j1kg53254006ch_140x140.jpg",
                "link": "https://act.mogujie.com/benzhou009?acm=3.mce.2_10_1imia.45470.0.gwp2pr82DmteS.pos_46-m_434461-sd_119",
                "acm": "3.mce.2_10_1imia.45470.0.gwp2pr82DmteS.pos_46-m_434461-sd_119",
                "sort": 47,
                "title": "本周值得买套装"
            }, {
                "image": "https://s10.mogucdn.com/mlcdn/c45406/180709_04bl4jhb2b99ic0akcgja1e511d03_140x140.jpg",
                "link": "https://act.mogujie.com/xiannv001?acm=3.mce.2_10_1imdk.45470.0.gwp2pr82DmteT.pos_47-m_434376-sd_119",
                "acm": "3.mce.2_10_1imdk.45470.0.gwp2pr82DmteT.pos_47-m_434376-sd_119",
                "sort": 48,
                "title": "瘦身变仙女套装"
            }, {
                "image": "https://s10.mogucdn.com/mlcdn/c45406/180709_4g8ka5548cikiea9h8fajb9e0f14d_140x140.jpg",
                "link": "https://act.mogujie.com/dujia011?acm=3.mce.2_10_1im6u.45470.0.gwp2pr82DmteU.pos_48-m_434255-sd_119",
                "acm": "3.mce.2_10_1im6u.45470.0.gwp2pr82DmteU.pos_48-m_434255-sd_119",
                "sort": 49,
                "title": "度假时髦精套装"
            }, {
                "image": "https://s10.mogucdn.com/mlcdn/c45406/180702_0if89jadkgha55g21fffheehfadkb_140x140.jpg",
                "link": "https://act.mogujie.com/qiyue001?acm=3.mce.2_10_1ik1u.45470.0.gwp2pr82DmteV.pos_49-m_432869-sd_119",
                "acm": "3.mce.2_10_1ik1u.45470.0.gwp2pr82DmteV.pos_49-m_432869-sd_119",
                "sort": 50,
                "title": "七月最美穿搭"
            }, {
                "image": "https://s10.mogucdn.com/mlcdn/c45406/180702_5b6ba1569ii8kdibge8062ekig62a_140x140.jpg",
                "link": "https://act.mogujie.com/shimajing01?acm=3.mce.2_10_1ik34.45470.0.gwp2pr82DmteW.pos_50-m_432892-sd_119",
                "acm": "3.mce.2_10_1ik34.45470.0.gwp2pr82DmteW.pos_50-m_432892-sd_119",
                "sort": 50,
                "title": "夏日时髦精套装"
            }, {
                "image": "https://s10.mogucdn.com/mlcdn/c45406/180703_0i7503c6llfig58394i619j6cg6b0_140x140.jpg",
                "link": "https://act.mogujie.com/xiaoxinji01?acm=3.mce.2_10_1ikdg.45470.0.gwp2pr82DmteX.pos_51-m_433078-sd_119",
                "acm": "3.mce.2_10_1ikdg.45470.0.gwp2pr82DmteX.pos_51-m_433078-sd_119",
                "sort": 52,
                "title": "百变心机套装"
            }, {
                "image": "https://s10.mogucdn.com/mlcdn/c45406/180706_47il968fkklke9lh80haf9ea49jh9_140x140.jpg",
                "link": "https://act.mogujie.com/qinglv01?acm=3.mce.2_10_1iljq.45470.0.gwp2pr82DmteY.pos_52-m_433839-sd_119",
                "acm": "3.mce.2_10_1iljq.45470.0.gwp2pr82DmteY.pos_52-m_433839-sd_119",
                "sort": 53,
                "title": "抢镜情侣套装"
            }, {
                "image": "https://s10.mogucdn.com/mlcdn/c45406/180705_0e1hiehda9gbf4jefijl18k55e474_140x140.jpg",
                "link": "https://act.mogujie.com/xinji0001?acm=3.mce.2_10_1ikxi.45470.0.gwp2pr82DmteZ.pos_53-m_433439-sd_119",
                "acm": "3.mce.2_10_1ikxi.45470.0.gwp2pr82DmteZ.pos_53-m_433439-sd_119",
                "sort": 54,
                "title": "减龄气质装"
            }, {
                "image": "https://s10.mogucdn.com/mlcdn/c45406/180704_0270a0e11fd8i94i81fie345ck1i9_140x140.jpg",
                "link": "https://act.mogujie.com/shaonvxin01?acm=3.mce.2_10_1iknu.45470.0.gwp2or82Dmte0.pos_54-m_433265-sd_119",
                "acm": "3.mce.2_10_1iknu.45470.0.gwp2or82Dmte0.pos_54-m_433265-sd_119",
                "sort": 55,
                "title": "少女心美裙装"
            }, {
                "image": "https://s10.mogucdn.com/mlcdn/c45406/180625_5e3lia9kjbdi38i2efb8jf00kba6a_140x140.jpg",
                "link": "https://act.mogujie.com/jiangwen02?acm=3.mce.2_10_1iibg.45470.0.gwp2or82Dmte1.pos_55-m_431746-sd_119",
                "acm": "3.mce.2_10_1iibg.45470.0.gwp2or82Dmte1.pos_55-m_431746-sd_119",
                "sort": 56,
                "title": "清爽一夏穿搭"
            }, {
                "image": "https://s10.mogucdn.com/mlcdn/c45406/180626_39h5a6gci9ahcac5k33i3k1cj1dag_140x140.jpg",
                "link": "https://act.mogujie.com/weipang01?acm=3.mce.2_10_1iij0.45470.0.gwp2or82Dmte2.pos_56-m_431882-sd_119",
                "acm": "3.mce.2_10_1iij0.45470.0.gwp2or82Dmte2.pos_56-m_431882-sd_119",
                "sort": 57,
                "title": "微胖菇凉这样搭"
            }, {
                "image": "https://s10.mogucdn.com/mlcdn/c45406/180629_5a0k6dch03hejj0bi2568g17bgd1d_140x140.png",
                "link": "https://act.mogujie.com/lanren011?acm=3.mce.2_10_1ijiq.45470.0.gwp2or82Dmte3.pos_57-m_432525-sd_119",
                "acm": "3.mce.2_10_1ijiq.45470.0.gwp2or82Dmte3.pos_57-m_432525-sd_119",
                "sort": 58,
                "title": "懒人夏日穿搭大法"
            }, {
                "image": "https://s10.mogucdn.com/mlcdn/c45406/180626_71730lea5bbfa3kc611ljhg0bbe1b_140x140.png",
                "link": "https://act.mogujie.com/chuyou01?acm=3.mce.2_10_1iing.45470.0.gwp2or82Dmte4.pos_58-m_431962-sd_119",
                "acm": "3.mce.2_10_1iing.45470.0.gwp2or82Dmte4.pos_58-m_431962-sd_119",
                "sort": 59,
                "title": "夏日出游美裙"
            }, {
                "image": "https://s10.mogucdn.com/mlcdn/c45406/180627_495cjl7jd2f636jcie1fdg2d310ek_140x140.png",
                "link": "https://act.mogujie.com/bingliang01?acm=3.mce.2_10_1iivw.45470.0.gwp2or82Dmte5.pos_59-m_432114-sd_119",
                "acm": "3.mce.2_10_1iivw.45470.0.gwp2or82Dmte5.pos_59-m_432114-sd_119",
                "sort": 60,
                "title": "降温清凉穿搭"
            }],
            "isEnd": true,
            "nextPage": 1,
            "context": {
                "currentTime": 1540974357
            }
        }
    }
}