{
    "api": "mwp.darwin.makeup",
    "v": "3",
    "ret": "SUCCESS",
    "data": {
        "1_2_entry10": {
            "list": [],
            "isEnd": true,
            "nextPage": 1,
            "context": {
                "currentTime": 1540974357
            }
        },
        "1_7_entry": {
            "list": [],
            "isEnd": true,
            "nextPage": 1,
            "context": {
                "currentTime": 1540974357
            }
        },
        "1_1_banner": {
            "list": [],
            "isEnd": true,
            "nextPage": 1,
            "context": {
                "currentTime": 1540974357
            }
        },
        "1_9_entry10": {
            "list": [],
            "isEnd": true,
            "nextPage": 1,
            "context": {
                "currentTime": 1540974357
            }
        },
        "1_3_entry10": {
            "list": [],
            "isEnd": true,
            "nextPage": 1,
            "context": {
                "currentTime": 1540974357
            }
        },
        "1_8_entry10": {
            "list": [],
            "isEnd": true,
            "nextPage": 1,
            "context": {
                "currentTime": 1540974357
            }
        },
        "1_10_banner": {
            "list": [],
            "isEnd": true,
            "nextPage": 1,
            "context": {
                "currentTime": 1540974357
            }
        },
        "1_6_entry4": {
            "list": [],
            "isEnd": true,
            "nextPage": 1,
            "context": {
                "currentTime": 1540974357
            }
        },
        "1_4_entry10": {
            "list": [],
            "isEnd": true,
            "nextPage": 1,
            "context": {
                "currentTime": 1540974357
            }
        },
        "1_5_entry10": {
            "list": [{
                "image": "https://s10.mogucdn.com/mlcdn/c45406/181025_5a1l76g7gk4e110cb0f19egl4gk8g_750x420.jpg",
                "link": "https://act.mogujie.com/dajia01?acm=3.mce.2_10_1jpmc.45375.0.bYOWZr82Dmurb.pos_0-m_459806-sd_119",
                "width": 750,
                "acm": "3.mce.2_10_1jpmc.45375.0.bYOWZr82Dmurb.pos_0-m_459806-sd_119",
                "title": "限时特卖",
                "height": 420
            }],
            "isEnd": true,
            "nextPage": 1,
            "context": {
                "currentTime": 1540974357
            }
        }
    }
}