{
	"model": [{
		"itemType": 5,
		"ptpC": "_mb_mls_10057922_app-category_noab-noab",
		"titleTags": "时尚套装;格纹背心裙;斜纹;立体;秋季;新款",
		"clientUrl": "http://item.meilishuo.com/h5/detail/1m96w5q?acm=3.ms.0_4_1m96w5q.0.13385-26167-69004.ni0a5r82IRSmE.t_-sd_117-lc_1",
		"iid": "1m96w5q",
		"showLarge": {
			"img": "http://s11.mogucdn.com/mlcdn/c45406/180929_3kiba9fibh8j63h3c02beff307664_832x1248.jpg_560x999.jpg",
			"w": 560,
			"h": 841
		},
		"link": "http://item.meilishuo.com/h5/detail/1m96w5q?acm=3.ms.0_4_1m96w5q.0.13385-26167-69004.ni0a5r82IRSmE.t_-sd_117-lc_1",
		"show": {
			"img": "http://s11.mogucdn.com/mlcdn/c45406/180929_3kiba9fibh8j63h3c02beff307664_832x1248.jpg_320x999.jpg",
			"w": 320,
			"h": 416
		},
		"itemMarks": "-1",
		"acm": "3.ms.0_4_1m96w5q.0.13385-26167-69004.ni0a5r82IRSmE.t_-sd_117-lc_1",
		"type": 2,
		"title": "时尚套装 格纹背心裙 斜纹 立体 秋季 新款",
		"orgPrice": "￥182.86",
		"props": ["时尚套装", "格纹背心裙", "斜纹", "立体", "秋季", "新款"],
		"lefttop_taglist": [],
		"sale": 24759,
		"price": "￥128.00",
		"cfav": 71,
		"leftbottom_taglist": [],
		"shopId": 1302421618
	}, {
		"itemType": 5,
		"ptpC": "_mb_mls_10057922_app-category_noab-noab",
		"titleTags": "时尚套装;格纹;高腰;拼色;百搭;个性;套头;秋季;新款;韩版",
		"clientUrl": "http://item.meilishuo.com/h5/detail/1mamgfe?acm=3.ms.0_4_1mamgfe.0.13385-26167-69004.ni0a5r82IRSmE.t_-sd_117-lc_1",
		"iid": "1mamgfe",
		"showLarge": {
			"img": "http://s11.mogucdn.com/mlcdn/55cf19/181030_7c7i5556c0gdibd7djh17g8552bb6_640x960.jpg_560x999.jpg",
			"w": 560,
			"h": 840
		},
		"link": "http://item.meilishuo.com/h5/detail/1mamgfe?acm=3.ms.0_4_1mamgfe.0.13385-26167-69004.ni0a5r82IRSmE.t_-sd_117-lc_1",
		"show": {
			"img": "http://s3.mogucdn.com/mlcdn/55cf19/181030_7c7i5556c0gdibd7djh17g8552bb6_640x960.jpg_320x999.jpg",
			"w": 320,
			"h": 416
		},
		"itemMarks": "-1",
		"acm": "3.ms.0_4_1mamgfe.0.13385-26167-69004.ni0a5r82IRSmE.t_-sd_117-lc_1",
		"type": 2,
		"title": "时尚套装 格纹 高腰 拼色 百搭 个性 套头 秋季 新款 韩版",
		"orgPrice": "￥91.50",
		"props": ["时尚套装", "格纹", "高腰", "拼色", "百搭", "个性", "套头", "秋季", "新款", "韩版"],
		"lefttop_taglist": [],
		"sale": 22140,
		"price": "￥64.05",
		"cfav": 2,
		"leftbottom_taglist": [],
		"shopId": 1302445668
	}, {
		"itemType": 7,
		"ptpC": "_mb_mls_10057922_app-category_noab-noab",
		"titleTags": "t恤;基础;圆领;纯棉;韩范;百搭;简约;学生休闲;纯色;时尚",
		"clientUrl": "http://item.meilishuo.com/h5/detail/1lyp2vg?acm=3.ms.2_1_1lyp2vg.0.70869-26167-69004.ni0a5r82IRSmE.sd_117-c_2_28_440018617_1986848_1_0-t_-c1_10057922_nil_nil_0_1986848_30_0-lc_28&cparam=MTU0MDk3NTY2OV8xZWp5OTRhX2M4ZWVkNjZlYzViM2Y5ODY4ZDUwZDM2NDE2ZGQwYTBjXzI4XzBfNDQwMDE4NjE3XzBfMTk4Njg0OF8xXzBfNV8wXzA=",
		"iid": "1lyp2vg",
		"showLarge": {
			"img": "http://s11.mogucdn.com/mlcdn/17f85e/180426_7k4fd5fj9kfe5a7g089b1e10ec8b9_640x960.jpg_560x999.jpg",
			"w": 560,
			"h": 840
		},
		"link": "http://item.meilishuo.com/h5/detail/1lyp2vg?acm=3.ms.2_1_1lyp2vg.0.70869-26167-69004.ni0a5r82IRSmE.sd_117-c_2_28_440018617_1986848_1_0-t_-c1_10057922_nil_nil_0_1986848_30_0-lc_28&cparam=MTU0MDk3NTY2OV8xZWp5OTRhX2M4ZWVkNjZlYzViM2Y5ODY4ZDUwZDM2NDE2ZGQwYTBjXzI4XzBfNDQwMDE4NjE3XzBfMTk4Njg0OF8xXzBfNV8wXzA=",
		"show": {
			"img": "http://s11.mogucdn.com/mlcdn/17f85e/180426_7k4fd5fj9kfe5a7g089b1e10ec8b9_640x960.jpg_320x999.jpg",
			"w": 320,
			"h": 416
		},
		"itemMarks": "1525 352 166 16 1497 351 1636",
		"acm": "3.ms.2_1_1lyp2vg.0.70869-26167-69004.ni0a5r82IRSmE.sd_117-c_2_28_440018617_1986848_1_0-t_-c1_10057922_nil_nil_0_1986848_30_0-lc_28",
		"type": 2,
		"title": "t恤 基础 圆领 纯棉 韩范 百搭 简约 学生休闲 纯色 时尚",
		"orgPrice": "￥108.00",
		"cparam": "MTU0MDk3NTY2OV8xZWp5OTRhX2M4ZWVkNjZlYzViM2Y5ODY4ZDUwZDM2NDE2ZGQwYTBjXzI4XzBfNDQwMDE4NjE3XzBfMTk4Njg0OF8xXzBfNV8wXzA=",
		"props": ["t恤", "基础", "圆领", "纯棉", "韩范", "百搭", "简约", "学生休闲", "纯色", "时尚"],
		"lefttop_taglist": [],
		"sale": "6869",
		"price": "￥108.00",
		"cfav": "16854",
		"leftbottom_taglist": [{
			"color": "#FFFFFF",
			"bgColor": "#8C5C99",
			"content": "广告",
			"font": "Helvetica Neue"
		}],
		"shopId": "1302425481"
	}, {
		"itemType": 7,
		"ptpC": "_mb_mls_10057922_app-category_noab-noab",
		"titleTags": "宽松t恤;圆领纯棉;白色;长袖;秋冬;新款;韩版",
		"clientUrl": "http://item.meilishuo.com/h5/detail/1lryj2m?acm=3.ms.2_1_1lryj2m.0.70869-26167-69004.ni0a5r82IRSmE.sd_117-c_2_28_449647631_396696482_2_0-t_-c1_10057922_nil_nil_1_396696482_30_0-lc_28&cparam=MTU0MDk3NTY2OV8xZXZmMHBpXzJlYjI3NTY5NTRmOTllYWM0NGE3MjIzYzI2OGM0ODUxXzI4XzFfNDQ5NjQ3NjMxXzBfMF8yXzBfMjUzXzBfMA==",
		"iid": "1lryj2m",
		"showLarge": {
			"img": "http://s3.mogucdn.com/mlcdn/c45406/180228_5jc6ehg5f3kj16b4lf62j9ia3i04a_640x960.jpg_560x999.jpg",
			"w": 560,
			"h": 840
		},
		"link": "http://item.meilishuo.com/h5/detail/1lryj2m?acm=3.ms.2_1_1lryj2m.0.70869-26167-69004.ni0a5r82IRSmE.sd_117-c_2_28_449647631_396696482_2_0-t_-c1_10057922_nil_nil_1_396696482_30_0-lc_28&cparam=MTU0MDk3NTY2OV8xZXZmMHBpXzJlYjI3NTY5NTRmOTllYWM0NGE3MjIzYzI2OGM0ODUxXzI4XzFfNDQ5NjQ3NjMxXzBfMF8yXzBfMjUzXzBfMA==",
		"show": {
			"img": "http://s3.mogucdn.com/mlcdn/c45406/180228_5jc6ehg5f3kj16b4lf62j9ia3i04a_640x960.jpg_320x999.jpg",
			"w": 320,
			"h": 416
		},
		"itemMarks": "1525 352 166 16 1232 82 351",
		"acm": "3.ms.2_1_1lryj2m.0.70869-26167-69004.ni0a5r82IRSmE.sd_117-c_2_28_449647631_396696482_2_0-t_-c1_10057922_nil_nil_1_396696482_30_0-lc_28",
		"type": 2,
		"title": "宽松t恤 圆领纯棉 白色 长袖 秋冬 新款 韩版",
		"orgPrice": "￥55.72",
		"cparam": "MTU0MDk3NTY2OV8xZXZmMHBpXzJlYjI3NTY5NTRmOTllYWM0NGE3MjIzYzI2OGM0ODUxXzI4XzFfNDQ5NjQ3NjMxXzBfMF8yXzBfMjUzXzBfMA==",
		"props": ["宽松t恤", "圆领纯棉", "白色", "长袖", "秋冬", "新款", "韩版"],
		"lefttop_taglist": [],
		"sale": "5748",
		"price": "￥39.00",
		"cfav": "12845",
		"leftbottom_taglist": [{
			"color": "#FFFFFF",
			"bgColor": "#FEC24A",
			"content": "热卖",
			"font": "Helvetica Neue"
		}],
		"shopId": "22051955"
	}, {
		"itemType": 5,
		"ptpC": "_mb_mls_10057922_app-category_noab-noab",
		"titleTags": "时尚套装;高腰;气质;显瘦;长袖;圆领;女神范;宽松;秋季;新款;韩版",
		"clientUrl": "http://item.meilishuo.com/h5/detail/1m9uy8o?acm=3.ms.0_4_1m9uy8o.0.13385-26167-69004.ni0a5r82IRSmE.t_-sd_117-lc_1",
		"iid": "1m9uy8o",
		"showLarge": {
			"img": "http://s11.mogucdn.com/mlcdn/c45406/181014_7b6bl434424jdgfce190i292lg0ak_640x844.jpg_560x999.jpg",
			"w": 560,
			"h": 739
		},
		"link": "http://item.meilishuo.com/h5/detail/1m9uy8o?acm=3.ms.0_4_1m9uy8o.0.13385-26167-69004.ni0a5r82IRSmE.t_-sd_117-lc_1",
		"show": {
			"img": "http://s3.mogucdn.com/mlcdn/c45406/181014_7b6bl434424jdgfce190i292lg0ak_640x844.jpg_320x999.jpg",
			"w": 320,
			"h": 416
		},
		"itemMarks": "-1",
		"acm": "3.ms.0_4_1m9uy8o.0.13385-26167-69004.ni0a5r82IRSmE.t_-sd_117-lc_1",
		"type": 2,
		"title": "时尚套装 高腰 气质 显瘦 长袖 圆领 女神范 宽松 秋季 新款 韩版",
		"orgPrice": "￥98.58",
		"props": ["时尚套装", "高腰", "气质", "显瘦", "长袖", "圆领", "女神范", "宽松", "秋季", "新款", "韩版"],
		"lefttop_taglist": [],
		"sale": 19993,
		"price": "￥69.00",
		"cfav": 406,
		"leftbottom_taglist": [],
		"shopId": 1302423963
	}, {
		"itemType": 5,
		"ptpC": "_mb_mls_10057922_app-category_noab-noab",
		"titleTags": "时尚套装;新款;韩版",
		"clientUrl": "http://item.meilishuo.com/h5/detail/1ma3hwm?acm=3.ms.0_4_1ma3hwm.0.13385-26167-69004.ni0a5r82IRSmE.t_-sd_117-lc_1",
		"iid": "1ma3hwm",
		"showLarge": {
			"img": "http://s11.mogucdn.com/mlcdn/c45406/181019_2dk41ha8gbg2beahf244i362275jc_800x1200.jpg_560x999.jpg",
			"w": 560,
			"h": 840
		},
		"link": "http://item.meilishuo.com/h5/detail/1ma3hwm?acm=3.ms.0_4_1ma3hwm.0.13385-26167-69004.ni0a5r82IRSmE.t_-sd_117-lc_1",
		"show": {
			"img": "http://s11.mogucdn.com/mlcdn/c45406/181019_2dk41ha8gbg2beahf244i362275jc_800x1200.jpg_320x999.jpg",
			"w": 320,
			"h": 416
		},
		"itemMarks": "-1",
		"acm": "3.ms.0_4_1ma3hwm.0.13385-26167-69004.ni0a5r82IRSmE.t_-sd_117-lc_1",
		"type": 2,
		"title": "时尚套装 新款 韩版",
		"orgPrice": "￥127.15",
		"props": ["时尚套装", "新款", "韩版"],
		"lefttop_taglist": [],
		"sale": 19808,
		"price": "￥89.00",
		"cfav": 114,
		"leftbottom_taglist": [],
		"shopId": 1302421618
	}, {
		"itemType": 7,
		"ptpC": "_mb_mls_10057922_app-category_noab-noab",
		"titleTags": "烟管裤;高腰;黑色;宽松;百搭;韩版;新款",
		"clientUrl": "http://item.meilishuo.com/h5/detail/1ly4a08?acm=3.ms.2_1_1ly4a08.0.70869-26167-69004.ni0a5r82IRSmE.sd_117-c_2_28_364099273_1983760_3_0-t_-c1_10057922_nil_nil_0_1983760_30_0-lc_28&cparam=MTU0MDk3NTY2OV8xYzFqdG15XzZkZDkzMmJiNzZkZGVlMGUzMjUyMWVkM2FjNDkzMmFiXzI4XzJfMzY0MDk5MjczXzBfMTk4Mzc2MF8zXzBfMjAzXzBfMA==",
		"iid": "1ly4a08",
		"showLarge": {
			"img": "http://s3.mogucdn.com/mlcdn/17f85e/180420_0bbd8jg53i8577d9948b9i85kfalh_640x960.jpg_560x999.jpg",
			"w": 560,
			"h": 840
		},
		"link": "http://item.meilishuo.com/h5/detail/1ly4a08?acm=3.ms.2_1_1ly4a08.0.70869-26167-69004.ni0a5r82IRSmE.sd_117-c_2_28_364099273_1983760_3_0-t_-c1_10057922_nil_nil_0_1983760_30_0-lc_28&cparam=MTU0MDk3NTY2OV8xYzFqdG15XzZkZDkzMmJiNzZkZGVlMGUzMjUyMWVkM2FjNDkzMmFiXzI4XzJfMzY0MDk5MjczXzBfMTk4Mzc2MF8zXzBfMjAzXzBfMA==",
		"show": {
			"img": "http://s11.mogucdn.com/mlcdn/17f85e/180420_0bbd8jg53i8577d9948b9i85kfalh_640x960.jpg_320x999.jpg",
			"w": 320,
			"h": 416
		},
		"itemMarks": "1525 352 351",
		"acm": "3.ms.2_1_1ly4a08.0.70869-26167-69004.ni0a5r82IRSmE.sd_117-c_2_28_364099273_1983760_3_0-t_-c1_10057922_nil_nil_0_1983760_30_0-lc_28",
		"type": 2,
		"title": "烟管裤 高腰 黑色 宽松 百搭 韩版 新款",
		"orgPrice": "￥50.00",
		"cparam": "MTU0MDk3NTY2OV8xYzFqdG15XzZkZDkzMmJiNzZkZGVlMGUzMjUyMWVkM2FjNDkzMmFiXzI4XzJfMzY0MDk5MjczXzBfMTk4Mzc2MF8zXzBfMjAzXzBfMA==",
		"props": ["烟管裤", "高腰", "黑色", "宽松", "百搭", "韩版", "新款"],
		"lefttop_taglist": [],
		"sale": "4964",
		"price": "￥35.00",
		"cfav": "13741",
		"leftbottom_taglist": [],
		"shopId": "20857448"
	}, {
		"itemType": 7,
		"ptpC": "_mb_mls_10057922_app-category_noab-noab",
		"titleTags": "长袖修身t恤;百搭;半高领;新款;韩版",
		"clientUrl": "http://item.meilishuo.com/h5/detail/1m9ebra?acm=3.ms.2_1_1m9ebra.0.70869-26167-69004.ni0a5r82IRSmE.sd_117-c_2_28_454730521_468661767_4_0-t_-c1_10057922_nil_nil_1_468661767_30_0-lc_28&cparam=MTU0MDk3NTY2OV8xZjFnd29hXzg2OWE4Mzk1MWE1OGQyNDMxMjBjNzFiMDdlMDQ3ZGU4XzI4XzNfNDU0NzMwNTIxXzBfMF80XzBfNjA1XzBfMA==",
		"iid": "1m9ebra",
		"showLarge": {
			"img": "http://s3.mogucdn.com/mlcdn/c45406/181004_25hc30lg90gebk067dli8c1b22ei0_640x960.jpg_560x999.jpg",
			"w": 560,
			"h": 840
		},
		"link": "http://item.meilishuo.com/h5/detail/1m9ebra?acm=3.ms.2_1_1m9ebra.0.70869-26167-69004.ni0a5r82IRSmE.sd_117-c_2_28_454730521_468661767_4_0-t_-c1_10057922_nil_nil_1_468661767_30_0-lc_28&cparam=MTU0MDk3NTY2OV8xZjFnd29hXzg2OWE4Mzk1MWE1OGQyNDMxMjBjNzFiMDdlMDQ3ZGU4XzI4XzNfNDU0NzMwNTIxXzBfMF80XzBfNjA1XzBfMA==",
		"show": {
			"img": "http://s3.mogucdn.com/mlcdn/c45406/181004_25hc30lg90gebk067dli8c1b22ei0_640x960.jpg_320x999.jpg",
			"w": 320,
			"h": 416
		},
		"itemMarks": "1525 352 1558 1711 166 16 1232 82 351 1636",
		"acm": "3.ms.2_1_1m9ebra.0.70869-26167-69004.ni0a5r82IRSmE.sd_117-c_2_28_454730521_468661767_4_0-t_-c1_10057922_nil_nil_1_468661767_30_0-lc_28",
		"type": 2,
		"title": "长袖修身t恤 百搭 半高领 新款 韩版",
		"orgPrice": "￥70.00",
		"cparam": "MTU0MDk3NTY2OV8xZjFnd29hXzg2OWE4Mzk1MWE1OGQyNDMxMjBjNzFiMDdlMDQ3ZGU4XzI4XzNfNDU0NzMwNTIxXzBfMF80XzBfNjA1XzBfMA==",
		"props": ["长袖修身t恤", "百搭", "半高领", "新款", "韩版"],
		"lefttop_taglist": [],
		"sale": "3222",
		"price": "￥49.00",
		"cfav": "2733",
		"leftbottom_taglist": [],
		"shopId": "22028207"
	}, {
		"itemType": 7,
		"ptpC": "_mb_mls_10057922_app-category_noab-noab",
		"titleTags": "条纹长袖t恤;黑白;宽松;百搭;春秋;高领;新款;韩版",
		"clientUrl": "http://item.meilishuo.com/h5/detail/1lqxuvu?acm=3.ms.2_1_1lqxuvu.0.70869-26167-69004.ni0a5r82IRSmE.sd_117-c_2_28_437825990_393064635_5_0-t_-c1_10057922_nil_nil_1_393064635_36_0-lc_28&cparam=MTU0MDk3NTY2OV8xZWhjOWZvX2VhYjQ4YWE0NzU4MGIwYmM1YWEzOTU0ZGQ5ODdhODAxXzI4XzRfNDM3ODI1OTkwXzBfMF81XzBfMTY0XzBfMA==",
		"iid": "1lqxuvu",
		"showLarge": {
			"img": "http://s3.mogucdn.com/mlcdn/c45406/180126_77c4hbhc7iih8dc1cbicgb468ab2h_640x960.jpg_560x999.jpg",
			"w": 560,
			"h": 840
		},
		"link": "http://item.meilishuo.com/h5/detail/1lqxuvu?acm=3.ms.2_1_1lqxuvu.0.70869-26167-69004.ni0a5r82IRSmE.sd_117-c_2_28_437825990_393064635_5_0-t_-c1_10057922_nil_nil_1_393064635_36_0-lc_28&cparam=MTU0MDk3NTY2OV8xZWhjOWZvX2VhYjQ4YWE0NzU4MGIwYmM1YWEzOTU0ZGQ5ODdhODAxXzI4XzRfNDM3ODI1OTkwXzBfMF81XzBfMTY0XzBfMA==",
		"show": {
			"img": "http://s3.mogucdn.com/mlcdn/c45406/180126_77c4hbhc7iih8dc1cbicgb468ab2h_640x960.jpg_320x999.jpg",
			"w": 320,
			"h": 416
		},
		"itemMarks": "1525 166 16",
		"acm": "3.ms.2_1_1lqxuvu.0.70869-26167-69004.ni0a5r82IRSmE.sd_117-c_2_28_437825990_393064635_5_0-t_-c1_10057922_nil_nil_1_393064635_36_0-lc_28",
		"type": 2,
		"title": "条纹长袖t恤 黑白 宽松 百搭 春秋 高领 新款 韩版",
		"orgPrice": "￥42.84",
		"cparam": "MTU0MDk3NTY2OV8xZWhjOWZvX2VhYjQ4YWE0NzU4MGIwYmM1YWEzOTU0ZGQ5ODdhODAxXzI4XzRfNDM3ODI1OTkwXzBfMF81XzBfMTY0XzBfMA==",
		"props": ["条纹长袖t恤", "黑白", "宽松", "百搭", "春秋", "高领", "新款", "韩版"],
		"lefttop_taglist": [],
		"sale": "2929",
		"price": "￥29.98",
		"cfav": "7477",
		"leftbottom_taglist": [],
		"shopId": "20234338"
	}, {
		"itemType": 7,
		"ptpC": "_mb_mls_10057922_app-category_noab-noab",
		"titleTags": "打底衬衣;韩范;长袖;清新;百搭;气质;纯色;修身;个性;时尚;秋冬;新款",
		"clientUrl": "http://item.meilishuo.com/h5/detail/1lwwv82?acm=3.ms.2_1_1lwwv82.0.70869-26167-69004.ni0a5r82IRSmE.sd_117-c_2_28_456385336_415848444_6_0-t_-c1_10057922_nil_nil_1_415848444_20_0-lc_28&cparam=MTU0MDk3NTY2OV8xZjNmdWVnXzVhNmVlZmVlYjRmNTM0MDdkMDUwYjI2MjZjZWE3OGVhXzI4XzVfNDU2Mzg1MzM2XzBfMF82XzBfNTY1XzBfMA==",
		"iid": "1lwwv82",
		"showLarge": {
			"img": "http://s11.mogucdn.com/mlcdn/c45406/180411_1202kj87dfe1i11fj2ak04ifeakld_640x960.jpg_560x999.jpg",
			"w": 560,
			"h": 840
		},
		"link": "http://item.meilishuo.com/h5/detail/1lwwv82?acm=3.ms.2_1_1lwwv82.0.70869-26167-69004.ni0a5r82IRSmE.sd_117-c_2_28_456385336_415848444_6_0-t_-c1_10057922_nil_nil_1_415848444_20_0-lc_28&cparam=MTU0MDk3NTY2OV8xZjNmdWVnXzVhNmVlZmVlYjRmNTM0MDdkMDUwYjI2MjZjZWE3OGVhXzI4XzVfNDU2Mzg1MzM2XzBfMF82XzBfNTY1XzBfMA==",
		"show": {
			"img": "http://s3.mogucdn.com/mlcdn/c45406/180411_1202kj87dfe1i11fj2ak04ifeakld_640x960.jpg_320x999.jpg",
			"w": 320,
			"h": 416
		},
		"itemMarks": "1525 1558 166 16 1636",
		"acm": "3.ms.2_1_1lwwv82.0.70869-26167-69004.ni0a5r82IRSmE.sd_117-c_2_28_456385336_415848444_6_0-t_-c1_10057922_nil_nil_1_415848444_20_0-lc_28",
		"type": 2,
		"title": "打底衬衣 韩范 长袖 清新 百搭 气质 纯色 修身 个性 时尚 秋冬 新款",
		"orgPrice": "￥70.00",
		"cparam": "MTU0MDk3NTY2OV8xZjNmdWVnXzVhNmVlZmVlYjRmNTM0MDdkMDUwYjI2MjZjZWE3OGVhXzI4XzVfNDU2Mzg1MzM2XzBfMF82XzBfNTY1XzBfMA==",
		"props": ["打底衬衣", "韩范", "长袖", "清新", "百搭", "气质", "纯色", "修身", "个性", "时尚", "秋冬", "新款"],
		"lefttop_taglist": [],
		"sale": "2789",
		"price": "￥49.00",
		"cfav": "7714",
		"leftbottom_taglist": [],
		"shopId": "108443"
	}, {
		"itemType": 5,
		"ptpC": "_mb_mls_10057922_app-category_noab-noab",
		"titleTags": "毛衣连衣裙;灯笼袖;中长款;宽松;甜美可爱;粉色;新款",
		"clientUrl": "http://item.meilishuo.com/h5/detail/1m9ygpy?acm=3.ms.0_4_1m9ygpy.0.13385-26167-69004.ni0a5r82IRSmE.t_-sd_117-lc_1",
		"iid": "1m9ygpy",
		"showLarge": {
			"img": "http://s3.mogucdn.com/mlcdn/c45406/181016_5ged26dgl5ki7hd7e6bdlhb6bad9h_750x1000.jpg_560x999.jpg",
			"w": 560,
			"h": 747
		},
		"link": "http://item.meilishuo.com/h5/detail/1m9ygpy?acm=3.ms.0_4_1m9ygpy.0.13385-26167-69004.ni0a5r82IRSmE.t_-sd_117-lc_1",
		"show": {
			"img": "http://s11.mogucdn.com/mlcdn/c45406/181016_5ged26dgl5ki7hd7e6bdlhb6bad9h_750x1000.jpg_320x999.jpg",
			"w": 320,
			"h": 416
		},
		"itemMarks": "-1",
		"acm": "3.ms.0_4_1m9ygpy.0.13385-26167-69004.ni0a5r82IRSmE.t_-sd_117-lc_1",
		"type": 2,
		"title": "毛衣连衣裙 灯笼袖 中长款 宽松 甜美可爱 粉色 新款",
		"orgPrice": "￥169.00",
		"props": ["毛衣连衣裙", "灯笼袖", "中长款", "宽松", "甜美可爱", "粉色", "新款"],
		"lefttop_taglist": [],
		"sale": 16555,
		"price": "￥89.00",
		"cfav": 195,
		"leftbottom_taglist": [],
		"shopId": 1302423963
	}, {
		"itemType": 5,
		"ptpC": "_mb_mls_10057922_app-category_noab-noab",
		"titleTags": "时尚套装;套装两件套;格子;柔美;秋冬新款;英伦风",
		"clientUrl": "http://item.meilishuo.com/h5/detail/1m9nj6i?acm=3.ms.0_4_1m9nj6i.0.13385-26167-69004.ni0a5r82IRSmE.t_-sd_117-lc_1",
		"iid": "1m9nj6i",
		"showLarge": {
			"img": "http://s11.mogucdn.com/mlcdn/c45406/181011_1i29a46b33bl7id7d48g07902fjli_640x914.jpg_560x999.jpg",
			"w": 560,
			"h": 800
		},
		"link": "http://item.meilishuo.com/h5/detail/1m9nj6i?acm=3.ms.0_4_1m9nj6i.0.13385-26167-69004.ni0a5r82IRSmE.t_-sd_117-lc_1",
		"show": {
			"img": "http://s11.mogucdn.com/mlcdn/c45406/181011_1i29a46b33bl7id7d48g07902fjli_640x914.jpg_320x999.jpg",
			"w": 320,
			"h": 416
		},
		"itemMarks": "-1",
		"acm": "3.ms.0_4_1m9nj6i.0.13385-26167-69004.ni0a5r82IRSmE.t_-sd_117-lc_1",
		"type": 2,
		"title": "时尚套装 套装两件套 格子 柔美 秋冬新款 英伦风",
		"orgPrice": "￥225.72",
		"props": ["时尚套装", "套装两件套", "格子", "柔美", "秋冬新款", "英伦风"],
		"lefttop_taglist": [],
		"sale": 14878,
		"price": "￥158.00",
		"cfav": 180,
		"leftbottom_taglist": [],
		"shopId": 1302421618
	}, {
		"itemType": 7,
		"ptpC": "_mb_mls_10057922_app-category_noab-noab",
		"titleTags": "短袖t恤;宽松大码;原宿风;纯色;圆领套头;中长款;春秋季;新款;韩版",
		"clientUrl": "http://item.meilishuo.com/h5/detail/1m1camo?acm=3.ms.2_1_1m1camo.0.70869-26167-69004.ni0a5r82IRSmE.sd_117-c_2_28_376755071_1212066430_7_0-t_-c1_10057922_nil_nil_2_1212066430_20_0-lc_28&cparam=MTU0MDk3NTY2OV8xY2dtYzZ1X2FhY2IxN2ZmOTJiZWI1NjNmNDE0NzBlOWU0NWFhNDNiXzI4XzZfMzc2NzU1MDcxXzBfMF83XzBfNTY1XzBfMA==",
		"iid": "1m1camo",
		"showLarge": {
			"img": "http://s3.mogucdn.com/mlcdn/c45406/180514_2fc647llk297eki0d86gic806f7bc_640x960.jpg_560x999.jpg",
			"w": 560,
			"h": 840
		},
		"link": "http://item.meilishuo.com/h5/detail/1m1camo?acm=3.ms.2_1_1m1camo.0.70869-26167-69004.ni0a5r82IRSmE.sd_117-c_2_28_376755071_1212066430_7_0-t_-c1_10057922_nil_nil_2_1212066430_20_0-lc_28&cparam=MTU0MDk3NTY2OV8xY2dtYzZ1X2FhY2IxN2ZmOTJiZWI1NjNmNDE0NzBlOWU0NWFhNDNiXzI4XzZfMzc2NzU1MDcxXzBfMF83XzBfNTY1XzBfMA==",
		"show": {
			"img": "http://s11.mogucdn.com/mlcdn/c45406/180514_2fc647llk297eki0d86gic806f7bc_640x960.jpg_320x999.jpg",
			"w": 320,
			"h": 416
		},
		"itemMarks": "1525 352 166 16 351",
		"acm": "3.ms.2_1_1m1camo.0.70869-26167-69004.ni0a5r82IRSmE.sd_117-c_2_28_376755071_1212066430_7_0-t_-c1_10057922_nil_nil_2_1212066430_20_0-lc_28",
		"type": 2,
		"title": "短袖t恤 宽松大码 原宿风 纯色 圆领套头 中长款 春秋季 新款 韩版",
		"orgPrice": "￥70.00",
		"cparam": "MTU0MDk3NTY2OV8xY2dtYzZ1X2FhY2IxN2ZmOTJiZWI1NjNmNDE0NzBlOWU0NWFhNDNiXzI4XzZfMzc2NzU1MDcxXzBfMF83XzBfNTY1XzBfMA==",
		"props": ["短袖t恤", "宽松大码", "原宿风", "纯色", "圆领套头", "中长款", "春秋季", "新款", "韩版"],
		"lefttop_taglist": [],
		"sale": "1790",
		"price": "￥49.00",
		"cfav": "5050",
		"leftbottom_taglist": [],
		"shopId": "108443"
	}, {
		"itemType": 7,
		"ptpC": "_mb_mls_10057922_app-category_noab-noab",
		"titleTags": "白色小衫;纯棉;宽松;新款",
		"clientUrl": "http://item.meilishuo.com/h5/detail/1m8265i?acm=3.ms.2_1_1m8265i.0.70869-26167-69004.ni0a5r82IRSmE.sd_117-c_2_28_444623009_462648042_8_0-t_-c1_10057922_nil_nil_1_462648042_46_0-lc_28&cparam=MTU0MDk3NTY2OV8xZXBmbW51Xzg4Y2QzN2JjMjMwMjczMDM2OTI0MjQ0MzRjNDBkNDQyXzI4XzdfNDQ0NjIzMDA5XzBfMF84XzBfOTgxXzBfMA==",
		"iid": "1m8265i",
		"showLarge": {
			"img": "http://s11.mogucdn.com/mlcdn/55cf19/180902_7d91bhei8gi9ege036jlbaaj3aba6_640x960.jpg_560x999.jpg",
			"w": 560,
			"h": 840
		},
		"link": "http://item.meilishuo.com/h5/detail/1m8265i?acm=3.ms.2_1_1m8265i.0.70869-26167-69004.ni0a5r82IRSmE.sd_117-c_2_28_444623009_462648042_8_0-t_-c1_10057922_nil_nil_1_462648042_46_0-lc_28&cparam=MTU0MDk3NTY2OV8xZXBmbW51Xzg4Y2QzN2JjMjMwMjczMDM2OTI0MjQ0MzRjNDBkNDQyXzI4XzdfNDQ0NjIzMDA5XzBfMF84XzBfOTgxXzBfMA==",
		"show": {
			"img": "http://s11.mogucdn.com/mlcdn/55cf19/180902_7d91bhei8gi9ege036jlbaaj3aba6_640x960.jpg_320x999.jpg",
			"w": 320,
			"h": 416
		},
		"itemMarks": "1525 352 351",
		"acm": "3.ms.2_1_1m8265i.0.70869-26167-69004.ni0a5r82IRSmE.sd_117-c_2_28_444623009_462648042_8_0-t_-c1_10057922_nil_nil_1_462648042_46_0-lc_28",
		"type": 2,
		"title": "白色小衫 纯棉 宽松 新款",
		"orgPrice": "￥68.00",
		"cparam": "MTU0MDk3NTY2OV8xZXBmbW51Xzg4Y2QzN2JjMjMwMjczMDM2OTI0MjQ0MzRjNDBkNDQyXzI4XzdfNDQ0NjIzMDA5XzBfMF84XzBfOTgxXzBfMA==",
		"props": ["白色小衫", "纯棉", "宽松", "新款"],
		"lefttop_taglist": [],
		"sale": "1760",
		"price": "￥68.00",
		"cfav": "2348",
		"leftbottom_taglist": [],
		"shopId": "1302414647"
	}, {
		"itemType": 5,
		"ptpC": "_mb_mls_10057922_app-category_noab-noab",
		"titleTags": "时尚套装;复古;新款",
		"clientUrl": "http://item.meilishuo.com/h5/detail/1m9nkya?acm=3.ms.0_4_1m9nkya.0.13385-26167-69004.ni0a5r82IRSmE.t_-sd_117-lc_1",
		"iid": "1m9nkya",
		"showLarge": {
			"img": "http://s11.mogucdn.com/mlcdn/c45406/181010_3ceb49bf8kbe140f56alj6jg0dged_640x875.jpg_560x999.jpg",
			"w": 560,
			"h": 766
		},
		"link": "http://item.meilishuo.com/h5/detail/1m9nkya?acm=3.ms.0_4_1m9nkya.0.13385-26167-69004.ni0a5r82IRSmE.t_-sd_117-lc_1",
		"show": {
			"img": "http://s11.mogucdn.com/mlcdn/c45406/181010_3ceb49bf8kbe140f56alj6jg0dged_640x875.jpg_320x999.jpg",
			"w": 320,
			"h": 416
		},
		"itemMarks": "-1",
		"acm": "3.ms.0_4_1m9nkya.0.13385-26167-69004.ni0a5r82IRSmE.t_-sd_117-lc_1",
		"type": 2,
		"title": "时尚套装 复古 新款",
		"orgPrice": "￥197.15",
		"props": ["时尚套装", "复古", "新款"],
		"lefttop_taglist": [],
		"sale": 14864,
		"price": "￥138.00",
		"cfav": 80,
		"leftbottom_taglist": [],
		"shopId": 1302421618
	}, {
		"itemType": 5,
		"ptpC": "_mb_mls_10057922_app-category_noab-noab",
		"titleTags": "时尚套装;针织;百搭;前短后长;新款;韩版",
		"clientUrl": "http://item.meilishuo.com/h5/detail/1klchjq?acm=3.ms.0_4_1klchjq.0.13385-26167-69004.ni0a5r82IRSmE.t_-sd_117-lc_1",
		"iid": "1klchjq",
		"showLarge": {
			"img": "http://s3.mogucdn.com/mlcdn/c45406/170924_152hjhlji2bfh01ej874ihi32kjl8_640x960.jpg_560x999.jpg",
			"w": 560,
			"h": 840
		},
		"link": "http://item.meilishuo.com/h5/detail/1klchjq?acm=3.ms.0_4_1klchjq.0.13385-26167-69004.ni0a5r82IRSmE.t_-sd_117-lc_1",
		"show": {
			"img": "http://s11.mogucdn.com/mlcdn/c45406/170924_152hjhlji2bfh01ej874ihi32kjl8_640x960.jpg_320x999.jpg",
			"w": 320,
			"h": 416
		},
		"itemMarks": "1525 166 1655 16 82 61 1318",
		"acm": "3.ms.0_4_1klchjq.0.13385-26167-69004.ni0a5r82IRSmE.t_-sd_117-lc_1",
		"type": 2,
		"title": "时尚套装 针织 百搭 前短后长 新款 韩版",
		"orgPrice": "￥84.29",
		"props": ["时尚套装", "针织", "百搭", "前短后长", "新款", "韩版"],
		"lefttop_taglist": [],
		"sale": 12828,
		"price": "￥59.00",
		"cfav": 3143,
		"leftbottom_taglist": [],
		"shopId": 109314
	}, {
		"itemType": 7,
		"ptpC": "_mb_mls_10057922_app-category_noab-noab",
		"titleTags": "短袖t恤;字母宽松;纯棉;白色;明星同款;新款",
		"clientUrl": "http://item.meilishuo.com/h5/detail/1m4tdhy?acm=3.ms.2_1_1m4tdhy.0.70869-26167-69004.ni0a5r82IRSmE.sd_117-c_2_28_415780334_448451129_9_0-t_-c1_10057922_nil_nil_1_448451129_42_0-lc_28&cparam=MTU0MDk3NTY2OV8xZHIzOGQwX2I4NWJhZThiZThmNjJjYjcyOTNjNjk3MTA2OGIyNmZhXzI4XzhfNDE1NzgwMzM0XzBfMF85XzBfNzQ0XzBfMA==",
		"iid": "1m4tdhy",
		"showLarge": {
			"img": "http://s11.mogucdn.com/mlcdn/c45406/180624_6jb1g4kg6i1ab4i4g0echaia49i87_640x960.png_560x999.jpg",
			"w": 560,
			"h": 840
		},
		"link": "http://item.meilishuo.com/h5/detail/1m4tdhy?acm=3.ms.2_1_1m4tdhy.0.70869-26167-69004.ni0a5r82IRSmE.sd_117-c_2_28_415780334_448451129_9_0-t_-c1_10057922_nil_nil_1_448451129_42_0-lc_28&cparam=MTU0MDk3NTY2OV8xZHIzOGQwX2I4NWJhZThiZThmNjJjYjcyOTNjNjk3MTA2OGIyNmZhXzI4XzhfNDE1NzgwMzM0XzBfMF85XzBfNzQ0XzBfMA==",
		"show": {
			"img": "http://s3.mogucdn.com/mlcdn/c45406/180624_6jb1g4kg6i1ab4i4g0echaia49i87_640x960.png_320x999.jpg",
			"w": 320,
			"h": 416
		},
		"itemMarks": "1525",
		"acm": "3.ms.2_1_1m4tdhy.0.70869-26167-69004.ni0a5r82IRSmE.sd_117-c_2_28_415780334_448451129_9_0-t_-c1_10057922_nil_nil_1_448451129_42_0-lc_28",
		"type": 2,
		"title": "短袖t恤 字母宽松 纯棉 白色 明星同款 新款",
		"orgPrice": "￥54.00",
		"cparam": "MTU0MDk3NTY2OV8xZHIzOGQwX2I4NWJhZThiZThmNjJjYjcyOTNjNjk3MTA2OGIyNmZhXzI4XzhfNDE1NzgwMzM0XzBfMF85XzBfNzQ0XzBfMA==",
		"props": ["短袖t恤", "字母宽松", "纯棉", "白色", "明星同款", "新款"],
		"lefttop_taglist": [],
		"sale": "1510",
		"price": "￥43.00",
		"cfav": "1787",
		"leftbottom_taglist": [],
		"shopId": "1302442895"
	}, {
		"itemType": 7,
		"ptpC": "_mb_mls_10057922_app-category_noab-noab",
		"titleTags": "针织背心;打底;百搭;条纹;新款;春秋季;韩版",
		"clientUrl": "http://item.meilishuo.com/h5/detail/1lzlrra?acm=3.ms.2_1_1lzlrra.0.70869-26167-69004.ni0a5r82IRSmE.sd_117-c_2_28_369306035_463804121_10_0-t_-c1_10057922_nil_nil_1_463804121_20_0-lc_28&cparam=MTU0MDk3NTY2OV8xYzdyMHJpXzA1YTNiOTMwMmJhZWI5Yjc0YTczZjBlZmJiOTkzOWI3XzI4XzlfMzY5MzA2MDM1XzBfMF8xMF8wXzU2NV8wXzA=",
		"iid": "1lzlrra",
		"showLarge": {
			"img": "http://s3.mogucdn.com/mlcdn/c45406/180908_24be23l1i97a011j960j6ii2a81jd_640x960.jpg_560x999.jpg",
			"w": 560,
			"h": 840
		},
		"link": "http://item.meilishuo.com/h5/detail/1lzlrra?acm=3.ms.2_1_1lzlrra.0.70869-26167-69004.ni0a5r82IRSmE.sd_117-c_2_28_369306035_463804121_10_0-t_-c1_10057922_nil_nil_1_463804121_20_0-lc_28&cparam=MTU0MDk3NTY2OV8xYzdyMHJpXzA1YTNiOTMwMmJhZWI5Yjc0YTczZjBlZmJiOTkzOWI3XzI4XzlfMzY5MzA2MDM1XzBfMF8xMF8wXzU2NV8wXzA=",
		"show": {
			"img": "http://s3.mogucdn.com/mlcdn/c45406/180908_24be23l1i97a011j960j6ii2a81jd_640x960.jpg_320x999.jpg",
			"w": 320,
			"h": 416
		},
		"itemMarks": "1525 166 16",
		"acm": "3.ms.2_1_1lzlrra.0.70869-26167-69004.ni0a5r82IRSmE.sd_117-c_2_28_369306035_463804121_10_0-t_-c1_10057922_nil_nil_1_463804121_20_0-lc_28",
		"type": 2,
		"title": "针织背心 打底 百搭 条纹 新款 春秋季 韩版",
		"orgPrice": "￥41.43",
		"cparam": "MTU0MDk3NTY2OV8xYzdyMHJpXzA1YTNiOTMwMmJhZWI5Yjc0YTczZjBlZmJiOTkzOWI3XzI4XzlfMzY5MzA2MDM1XzBfMF8xMF8wXzU2NV8wXzA=",
		"props": ["针织背心", "打底", "百搭", "条纹", "新款", "春秋季", "韩版"],
		"lefttop_taglist": [],
		"sale": "1426",
		"price": "￥29.00",
		"cfav": "11306",
		"leftbottom_taglist": [],
		"shopId": "108443"
	}, {
		"itemType": 7,
		"ptpC": "_mb_mls_10057922_app-category_noab-noab",
		"titleTags": "宽松短袖t恤;半袖;条纹;打底;春秋季;新款;韩版",
		"clientUrl": "http://item.meilishuo.com/h5/detail/1m11u6e?acm=3.ms.2_1_1m11u6e.0.70869-26167-69004.ni0a5r82IRSmE.sd_117-c_2_28_375932268_1208174030_11_0-t_-c1_10057922_nil_nil_2_1208174030_20_0-lc_28&cparam=MTU0MDk3NTY2OV8xY2ZuMmZrXzRhMzZhNDZiMzA3ZmZjNDVhZWM5YWZmYjYyZDkwMGQ3XzI4XzEwXzM3NTkzMjI2OF8wXzBfMTFfMF81NjVfMF8w",
		"iid": "1m11u6e",
		"showLarge": {
			"img": "http://s11.mogucdn.com/mlcdn/c45406/180512_1d675akbl8bk2h5f7ii4df6ga382d_640x960.jpg_560x999.jpg",
			"w": 560,
			"h": 840
		},
		"link": "http://item.meilishuo.com/h5/detail/1m11u6e?acm=3.ms.2_1_1m11u6e.0.70869-26167-69004.ni0a5r82IRSmE.sd_117-c_2_28_375932268_1208174030_11_0-t_-c1_10057922_nil_nil_2_1208174030_20_0-lc_28&cparam=MTU0MDk3NTY2OV8xY2ZuMmZrXzRhMzZhNDZiMzA3ZmZjNDVhZWM5YWZmYjYyZDkwMGQ3XzI4XzEwXzM3NTkzMjI2OF8wXzBfMTFfMF81NjVfMF8w",
		"show": {
			"img": "http://s11.mogucdn.com/mlcdn/c45406/180512_1d675akbl8bk2h5f7ii4df6ga382d_640x960.jpg_320x999.jpg",
			"w": 320,
			"h": 416
		},
		"itemMarks": "1525 352 166 16 351",
		"acm": "3.ms.2_1_1m11u6e.0.70869-26167-69004.ni0a5r82IRSmE.sd_117-c_2_28_375932268_1208174030_11_0-t_-c1_10057922_nil_nil_2_1208174030_20_0-lc_28",
		"type": 2,
		"title": "宽松短袖t恤 半袖 条纹 打底 春秋季 新款 韩版",
		"orgPrice": "￥50.00",
		"cparam": "MTU0MDk3NTY2OV8xY2ZuMmZrXzRhMzZhNDZiMzA3ZmZjNDVhZWM5YWZmYjYyZDkwMGQ3XzI4XzEwXzM3NTkzMjI2OF8wXzBfMTFfMF81NjVfMF8w",
		"props": ["宽松短袖t恤", "半袖", "条纹", "打底", "春秋季", "新款", "韩版"],
		"lefttop_taglist": [],
		"sale": "1403",
		"price": "￥35.00",
		"cfav": "2014",
		"leftbottom_taglist": [],
		"shopId": "108443"
	}, {
		"itemType": 7,
		"ptpC": "_mb_mls_10057922_app-category_noab-noab",
		"titleTags": "花之习作;长袖t恤;白色;紧身;加绒加厚;秋冬;新款;韩版",
		"clientUrl": "http://item.meilishuo.com/h5/detail/1m8ky96?acm=3.ms.2_1_1m8ky96.0.70869-26167-69004.ni0a5r82IRSmE.sd_117-c_2_28_449592244_1298792770_12_0-t_-c1_10057922_nil_nil_2_1298792770_40_0-lc_28&cparam=MTU0MDk3NTY2OV8xZXZjbjhnXzQyZWMwMzZjNjVkMGY1OTMwMzA5NDJhOTc4ZDcyMjI3XzI4XzExXzQ0OTU5MjI0NF8wXzBfMTJfMF82MzBfMF8w",
		"iid": "1m8ky96",
		"showLarge": {
			"img": "http://s11.mogucdn.com/mlcdn/c45406/181019_5f83a00021b3ak8j64eg67i891l09_750x1026.jpg_560x999.jpg",
			"w": 560,
			"h": 767
		},
		"link": "http://item.meilishuo.com/h5/detail/1m8ky96?acm=3.ms.2_1_1m8ky96.0.70869-26167-69004.ni0a5r82IRSmE.sd_117-c_2_28_449592244_1298792770_12_0-t_-c1_10057922_nil_nil_2_1298792770_40_0-lc_28&cparam=MTU0MDk3NTY2OV8xZXZjbjhnXzQyZWMwMzZjNjVkMGY1OTMwMzA5NDJhOTc4ZDcyMjI3XzI4XzExXzQ0OTU5MjI0NF8wXzBfMTJfMF82MzBfMF8w",
		"show": {
			"img": "http://s11.mogucdn.com/mlcdn/c45406/181019_5f83a00021b3ak8j64eg67i891l09_750x1026.jpg_320x999.jpg",
			"w": 320,
			"h": 416
		},
		"itemMarks": "1525",
		"acm": "3.ms.2_1_1m8ky96.0.70869-26167-69004.ni0a5r82IRSmE.sd_117-c_2_28_449592244_1298792770_12_0-t_-c1_10057922_nil_nil_2_1298792770_40_0-lc_28",
		"type": 2,
		"title": "花之习作 长袖t恤 白色 紧身 加绒加厚 秋冬 新款 韩版",
		"orgPrice": "￥49.00",
		"cparam": "MTU0MDk3NTY2OV8xZXZjbjhnXzQyZWMwMzZjNjVkMGY1OTMwMzA5NDJhOTc4ZDcyMjI3XzI4XzExXzQ0OTU5MjI0NF8wXzBfMTJfMF82MzBfMF8w",
		"props": ["花之习作", "长袖t恤", "白色", "紧身", "加绒加厚", "秋冬", "新款", "韩版"],
		"lefttop_taglist": [],
		"sale": "1392",
		"price": "￥49.00",
		"cfav": "966",
		"leftbottom_taglist": [],
		"shopId": "1302423961"
	}, {
		"itemType": 5,
		"ptpC": "_mb_mls_10057922_app-category_noab-noab",
		"titleTags": "针织连衣裙;长袖;长款;过膝;连帽;新款",
		"clientUrl": "http://item.meilishuo.com/h5/detail/1m9w0t4?acm=3.ms.0_4_1m9w0t4.0.13385-26167-69004.ni0a5r82IRSmE.t_-sd_117-lc_1",
		"iid": "1m9w0t4",
		"showLarge": {
			"img": "http://s11.mogucdn.com/mlcdn/c45406/181015_45f0b6dhecj443d691d8jf4c6ig8i_640x896.jpg_560x999.jpg",
			"w": 560,
			"h": 784
		},
		"link": "http://item.meilishuo.com/h5/detail/1m9w0t4?acm=3.ms.0_4_1m9w0t4.0.13385-26167-69004.ni0a5r82IRSmE.t_-sd_117-lc_1",
		"show": {
			"img": "http://s11.mogucdn.com/mlcdn/c45406/181015_45f0b6dhecj443d691d8jf4c6ig8i_640x896.jpg_320x999.jpg",
			"w": 320,
			"h": 416
		},
		"itemMarks": "-1",
		"acm": "3.ms.0_4_1m9w0t4.0.13385-26167-69004.ni0a5r82IRSmE.t_-sd_117-lc_1",
		"type": 2,
		"title": "针织连衣裙 长袖 长款 过膝 连帽 新款",
		"orgPrice": "￥269.00",
		"props": ["针织连衣裙", "长袖", "长款", "过膝", "连帽", "新款"],
		"lefttop_taglist": [],
		"sale": 12751,
		"price": "￥99.00",
		"cfav": 21,
		"leftbottom_taglist": [],
		"shopId": 1302423963
	}, {
		"itemType": 5,
		"ptpC": "_mb_mls_10057922_app-category_noab-noab",
		"titleTags": "连衣裙;针织毛衣裙;条纹;长袖;修身;长款;过膝;新款;韩版",
		"clientUrl": "http://item.meilishuo.com/h5/detail/1m9q5uo?acm=3.ms.0_4_1m9q5uo.0.13385-26167-69004.ni0a5r82IRSmE.t_-sd_117-lc_1",
		"iid": "1m9q5uo",
		"showLarge": {
			"img": "http://s3.mogucdn.com/mlcdn/c45406/181011_09i6dak0gjla1gj12120abj3lekba_1000x1500.jpg_560x999.jpg",
			"w": 560,
			"h": 841
		},
		"link": "http://item.meilishuo.com/h5/detail/1m9q5uo?acm=3.ms.0_4_1m9q5uo.0.13385-26167-69004.ni0a5r82IRSmE.t_-sd_117-lc_1",
		"show": {
			"img": "http://s11.mogucdn.com/mlcdn/c45406/181011_09i6dak0gjla1gj12120abj3lekba_1000x1500.jpg_320x999.jpg",
			"w": 320,
			"h": 416
		},
		"itemMarks": "-1",
		"acm": "3.ms.0_4_1m9q5uo.0.13385-26167-69004.ni0a5r82IRSmE.t_-sd_117-lc_1",
		"type": 2,
		"title": "连衣裙 针织毛衣裙 条纹 长袖 修身 长款 过膝 新款 韩版",
		"orgPrice": "￥127.15",
		"props": ["连衣裙", "针织毛衣裙", "条纹", "长袖", "修身", "长款", "过膝", "新款", "韩版"],
		"lefttop_taglist": [],
		"sale": 12301,
		"price": "￥89.00",
		"cfav": 124,
		"leftbottom_taglist": [],
		"shopId": 1302421618
	}, {
		"itemType": 7,
		"ptpC": "_mb_mls_10057922_app-category_noab-noab",
		"titleTags": "打底衬衣;韩范;长袖;百搭;纯色;加绒;简约;秋冬;新款",
		"clientUrl": "http://item.meilishuo.com/h5/detail/1lwwv1g?acm=3.ms.2_1_1lwwv1g.0.70869-26167-69004.ni0a5r82IRSmE.sd_117-c_2_28_456385369_1146666603_13_0-t_-c1_10057922_nil_nil_2_1146666603_20_0-lc_28&cparam=MTU0MDk3NTY2OV8xZjNmdWdhX2U1MDU5ZTRiZTFlZjk1ZTNhYmY2YjEyZjUyZjhhYmE1XzI4XzEyXzQ1NjM4NTM2OV8wXzBfMTNfMF81NjVfMF8w",
		"iid": "1lwwv1g",
		"showLarge": {
			"img": "http://s3.mogucdn.com/mlcdn/c45406/180411_8eka118d0l9bf1fac14003faaifjc_640x960.jpg_560x999.jpg",
			"w": 560,
			"h": 840
		},
		"link": "http://item.meilishuo.com/h5/detail/1lwwv1g?acm=3.ms.2_1_1lwwv1g.0.70869-26167-69004.ni0a5r82IRSmE.sd_117-c_2_28_456385369_1146666603_13_0-t_-c1_10057922_nil_nil_2_1146666603_20_0-lc_28&cparam=MTU0MDk3NTY2OV8xZjNmdWdhX2U1MDU5ZTRiZTFlZjk1ZTNhYmY2YjEyZjUyZjhhYmE1XzI4XzEyXzQ1NjM4NTM2OV8wXzBfMTNfMF81NjVfMF8w",
		"show": {
			"img": "http://s3.mogucdn.com/mlcdn/c45406/180411_8eka118d0l9bf1fac14003faaifjc_640x960.jpg_320x999.jpg",
			"w": 320,
			"h": 416
		},
		"itemMarks": "1525 166 16 1636",
		"acm": "3.ms.2_1_1lwwv1g.0.70869-26167-69004.ni0a5r82IRSmE.sd_117-c_2_28_456385369_1146666603_13_0-t_-c1_10057922_nil_nil_2_1146666603_20_0-lc_28",
		"type": 2,
		"title": "打底衬衣 韩范 长袖 百搭 纯色 加绒 简约 秋冬 新款",
		"orgPrice": "￥70.00",
		"cparam": "MTU0MDk3NTY2OV8xZjNmdWdhX2U1MDU5ZTRiZTFlZjk1ZTNhYmY2YjEyZjUyZjhhYmE1XzI4XzEyXzQ1NjM4NTM2OV8wXzBfMTNfMF81NjVfMF8w",
		"props": ["打底衬衣", "韩范", "长袖", "百搭", "纯色", "加绒", "简约", "秋冬", "新款"],
		"lefttop_taglist": [],
		"sale": "1308",
		"price": "￥49.00",
		"cfav": "3834",
		"leftbottom_taglist": [],
		"shopId": "108443"
	}, {
		"itemType": 7,
		"ptpC": "_mb_mls_10057922_app-category_noab-noab",
		"titleTags": "毛呢哈伦裤;厚呢子;高腰;显瘦;大码;宽松;秋冬;新款",
		"clientUrl": "http://item.meilishuo.com/h5/detail/1m90ugg?acm=3.ms.2_1_1m90ugg.0.70869-26167-69004.ni0a5r82IRSmE.sd_117-c_2_28_443599839_2042145_14_0-t_-c1_10057922_nil_nil_0_2042145_30_0-lc_28&cparam=MTU0MDk3NTY2OV8xZW83cnAyXzFkMzUyMjAzODYzZTcyOGM5YzViNWQ1MGE3ODc5ZDc5XzI4XzEzXzQ0MzU5OTgzOV8wXzIwNDIxNDVfMTRfMF8yMDNfMF8w",
		"iid": "1m90ugg",
		"showLarge": {
			"img": "http://s3.mogucdn.com/mlcdn/17f85e/180926_5ch5jckc5c6gi9c004jae8k80l3fe_640x960.jpg_560x999.jpg",
			"w": 560,
			"h": 840
		},
		"link": "http://item.meilishuo.com/h5/detail/1m90ugg?acm=3.ms.2_1_1m90ugg.0.70869-26167-69004.ni0a5r82IRSmE.sd_117-c_2_28_443599839_2042145_14_0-t_-c1_10057922_nil_nil_0_2042145_30_0-lc_28&cparam=MTU0MDk3NTY2OV8xZW83cnAyXzFkMzUyMjAzODYzZTcyOGM5YzViNWQ1MGE3ODc5ZDc5XzI4XzEzXzQ0MzU5OTgzOV8wXzIwNDIxNDVfMTRfMF8yMDNfMF8w",
		"show": {
			"img": "http://s3.mogucdn.com/mlcdn/17f85e/180926_5ch5jckc5c6gi9c004jae8k80l3fe_640x960.jpg_320x999.jpg",
			"w": 320,
			"h": 416
		},
		"itemMarks": "1525 352 351",
		"acm": "3.ms.2_1_1m90ugg.0.70869-26167-69004.ni0a5r82IRSmE.sd_117-c_2_28_443599839_2042145_14_0-t_-c1_10057922_nil_nil_0_2042145_30_0-lc_28",
		"type": 2,
		"title": "毛呢哈伦裤 厚呢子 高腰 显瘦 大码 宽松 秋冬 新款",
		"orgPrice": "￥80.00",
		"cparam": "MTU0MDk3NTY2OV8xZW83cnAyXzFkMzUyMjAzODYzZTcyOGM5YzViNWQ1MGE3ODc5ZDc5XzI4XzEzXzQ0MzU5OTgzOV8wXzIwNDIxNDVfMTRfMF8yMDNfMF8w",
		"props": ["毛呢哈伦裤", "厚呢子", "高腰", "显瘦", "大码", "宽松", "秋冬", "新款"],
		"lefttop_taglist": [],
		"sale": "1178",
		"price": "￥56.00",
		"cfav": "1820",
		"leftbottom_taglist": [],
		"shopId": "20857448"
	}, {
		"itemType": 5,
		"ptpC": "_mb_mls_10057922_app-category_noab-noab",
		"titleTags": "连衣裙;毛衣裙;中长款;宽松;长款;套头;过膝;秋冬;新款;韩版",
		"clientUrl": "http://item.meilishuo.com/h5/detail/1m9q31a?acm=3.ms.0_4_1m9q31a.0.13385-26167-69004.ni0a5r82IRSmE.t_-sd_117-lc_1",
		"iid": "1m9q31a",
		"showLarge": {
			"img": "http://s3.mogucdn.com/mlcdn/c45406/181011_1791b8c13gg3jl0l6c41b507jah9b_800x1200.jpg_560x999.jpg",
			"w": 560,
			"h": 840
		},
		"link": "http://item.meilishuo.com/h5/detail/1m9q31a?acm=3.ms.0_4_1m9q31a.0.13385-26167-69004.ni0a5r82IRSmE.t_-sd_117-lc_1",
		"show": {
			"img": "http://s3.mogucdn.com/mlcdn/c45406/181011_1791b8c13gg3jl0l6c41b507jah9b_800x1200.jpg_320x999.jpg",
			"w": 320,
			"h": 416
		},
		"itemMarks": "-1",
		"acm": "3.ms.0_4_1m9q31a.0.13385-26167-69004.ni0a5r82IRSmE.t_-sd_117-lc_1",
		"type": 2,
		"title": "连衣裙 毛衣裙 中长款 宽松 长款 套头 过膝 秋冬 新款 韩版",
		"orgPrice": "￥127.15",
		"props": ["连衣裙", "毛衣裙", "中长款", "宽松", "长款", "套头", "过膝", "秋冬", "新款", "韩版"],
		"lefttop_taglist": [],
		"sale": 12289,
		"price": "￥89.00",
		"cfav": 145,
		"leftbottom_taglist": [],
		"shopId": 1302421618
	}, {
		"itemType": 5,
		"ptpC": "_mb_mls_10057922_app-category_noab-noab",
		"titleTags": "针织连衣裙;气质;长袖;高腰;同款;新款",
		"clientUrl": "http://item.meilishuo.com/h5/detail/1m9jdja?acm=3.ms.0_4_1m9jdja.0.13385-26167-69004.ni0a5r82IRSmE.t_-sd_117-lc_1",
		"iid": "1m9jdja",
		"showLarge": {
			"img": "http://s3.mogucdn.com/mlcdn/c45406/181009_287iklb77bc4e1h63f1e755h0ehif_640x1020.jpg_560x999.jpg",
			"w": 560,
			"h": 893
		},
		"link": "http://item.meilishuo.com/h5/detail/1m9jdja?acm=3.ms.0_4_1m9jdja.0.13385-26167-69004.ni0a5r82IRSmE.t_-sd_117-lc_1",
		"show": {
			"img": "http://s3.mogucdn.com/mlcdn/c45406/181009_287iklb77bc4e1h63f1e755h0ehif_640x1020.jpg_320x999.jpg",
			"w": 320,
			"h": 416
		},
		"itemMarks": "-1",
		"acm": "3.ms.0_4_1m9jdja.0.13385-26167-69004.ni0a5r82IRSmE.t_-sd_117-lc_1",
		"type": 2,
		"title": "针织连衣裙 气质 长袖 高腰 同款 新款",
		"orgPrice": "￥127.15",
		"props": ["针织连衣裙", "气质", "长袖", "高腰", "同款", "新款"],
		"lefttop_taglist": [],
		"sale": 12270,
		"price": "￥89.00",
		"cfav": 98,
		"leftbottom_taglist": [],
		"shopId": 1302421618
	}, {
		"itemType": 7,
		"ptpC": "_mb_mls_10057922_app-category_noab-noab",
		"titleTags": "职业白衬衫;韩范;白色;长袖;修身;新款",
		"clientUrl": "http://item.meilishuo.com/h5/detail/1k6tcws?acm=3.ms.2_1_1k6tcws.0.70869-26167-69004.ni0a5r82IRSmE.sd_117-c_2_28_332878294_220248508_15_0-t_-c1_10057922_nil_nil_1_220248508_58_0-lc_28&cparam=MTU0MDk3NTY2OV8xYjBkaDQ0X2Q2Yzc0MjdlNWYzYTc1OTYzNWMwY2FlMTJmMWM5NTQxXzI4XzE0XzMzMjg3ODI5NF8wXzBfMTVfMF80NTNfMF8w",
		"iid": "1k6tcws",
		"showLarge": {
			"img": "http://s3.mogucdn.com/p2/170109/64689605_748cffk7jjd4gj0le2e8df2g6118g_640x960.jpg_560x999.jpg",
			"w": 560,
			"h": 840
		},
		"link": "http://item.meilishuo.com/h5/detail/1k6tcws?acm=3.ms.2_1_1k6tcws.0.70869-26167-69004.ni0a5r82IRSmE.sd_117-c_2_28_332878294_220248508_15_0-t_-c1_10057922_nil_nil_1_220248508_58_0-lc_28&cparam=MTU0MDk3NTY2OV8xYjBkaDQ0X2Q2Yzc0MjdlNWYzYTc1OTYzNWMwY2FlMTJmMWM5NTQxXzI4XzE0XzMzMjg3ODI5NF8wXzBfMTVfMF80NTNfMF8w",
		"show": {
			"img": "http://s11.mogucdn.com/p2/170109/64689605_748cffk7jjd4gj0le2e8df2g6118g_640x960.jpg_320x999.jpg",
			"w": 320,
			"h": 416
		},
		"itemMarks": "1525 1558 166 16 1636",
		"acm": "3.ms.2_1_1k6tcws.0.70869-26167-69004.ni0a5r82IRSmE.sd_117-c_2_28_332878294_220248508_15_0-t_-c1_10057922_nil_nil_1_220248508_58_0-lc_28",
		"type": 2,
		"title": "职业白衬衫 韩范 白色 长袖 修身 新款",
		"orgPrice": "￥57.00",
		"cparam": "MTU0MDk3NTY2OV8xYjBkaDQ0X2Q2Yzc0MjdlNWYzYTc1OTYzNWMwY2FlMTJmMWM5NTQxXzI4XzE0XzMzMjg3ODI5NF8wXzBfMTVfMF80NTNfMF8w",
		"props": ["职业白衬衫", "韩范", "白色", "长袖", "修身", "新款"],
		"lefttop_taglist": [],
		"sale": "950",
		"price": "￥39.90",
		"cfav": "4914",
		"leftbottom_taglist": [],
		"shopId": "107873"
	}]
}