{
    "api": "mwp.darwin.get",
    "v": "3",
    "ret": "SUCCESS",
    "data": {
        "list": [{
            "image": "https://s10.mogucdn.com/mlcdn/c45406/181031_3ae9284269fe05b0ldck50a5172al_750x390.jpg",
            "width923": 750,
            "height923": 390,
            "link": "https://act.mogujie.com/qiudongwendu000001?acm=3.mce.2_10_1jxd0.43542.0.0j2UNr82CSyB2.pos_0-m_464822-sd_119",
            "width": 750,
            "acm": "3.mce.2_10_1jxd0.43542.0.0j2UNr82CSyB2.pos_0-m_464822-sd_119",
            "title": "秋冬温暖",
            "image923": "https://s10.mogucdn.com/mlcdn/c45406/181031_5ak65c4b3a5deg6bfigah64ecef7k_750x390.jpg",
            "height": 390
        }, {
            "image": "https://s10.mogucdn.com/mlcdn/c45406/181026_600h3765b2i56h42hkk3cb6c2b7f9_750x390.jpg",
            "width923": 750,
            "height923": 390,
            "link": "https://act.mogujie.com/shimaojing0002?acm=3.mce.2_10_1jtde.43542.0.0j2UNr82CSyB3.pos_1-m_462237-sd_119",
            "width": 750,
            "acm": "3.mce.2_10_1jtde.43542.0.0j2UNr82CSyB3.pos_1-m_462237-sd_119",
            "title": "时髦精聚集地",
            "image923": "https://s10.mogucdn.com/mlcdn/c45406/181026_5ejaflgdhed6ldj7l4l4f7lkgh513_750x390.jpg",
            "height": 390
        }, {
            "image": "https://s10.mogucdn.com/mlcdn/c45406/181015_7je4afciidh1ea2ce29flglfie014_750x390.jpg",
            "width923": 750,
            "height923": 390,
            "link": "https://act.mogujie.com/shimaotaozhuang0001?acm=3.mce.2_10_1jpma.43542.0.0j2UNr82CSyB4.pos_2-m_459805-sd_119",
            "width": 750,
            "acm": "3.mce.2_10_1jpma.43542.0.0j2UNr82CSyB4.pos_2-m_459805-sd_119",
            "title": "网红时髦套装",
            "image923": "https://s10.mogucdn.com/mlcdn/c45406/181015_4g4iigl300kla9hhi015j7hl3a3gc_750x390.jpg",
            "height": 390
        }, {
            "image": "https://s10.mogucdn.com/mlcdn/c45406/181026_66ee71hfdababee3e6hj213l0ea4b_750x390.jpg",
            "width923": 750,
            "height923": 390,
            "link": "https://act.mogujie.com/november0001?acm=3.mce.2_10_1jte2.43542.0.0j2UNr82CSyB5.pos_3-m_462249-sd_119",
            "width": 750,
            "acm": "3.mce.2_10_1jte2.43542.0.0j2UNr82CSyB5.pos_3-m_462249-sd_119",
            "title": "十月必买清单",
            "image923": "https://s10.mogucdn.com/mlcdn/c45406/181026_26l9j1egjgblk5k19fejf80021d4c_750x390.jpg",
            "height": 390
        }],
        "isEnd": false,
        "nextPage": 2,
        "context": {
            "currentTime": 1540974242
        }
    }
}